Workbook

Sheet Absensi
A1: Data Karyawan
D2: =TEXT(D3,"mm") -> 01 | E2: =TEXT(E3,"mm") -> 01 | F2: =TEXT(F3,"mm") -> 01 | G2: =TEXT(G3,"mm") -> 01 | H2: =TEXT(H3,"mm") -> 01 | I2: =TEXT(I3,"mm") -> 01 | J2: =TEXT(J3,"mm") -> 01 | K2: =TEXT(K3,"mm") -> 01 | ... ND2: =TEXT(ND3,"mm") -> 12 | NE2: Batas
A3: No | B3: Lokasi | C3: Nama Karyawan | D3: 46023 | E3: 46024 | F3: 46025 | G3: 46026 | H3: 46027 | I3: 46028 | J3: 46029 | K3: 46030 | L3: 46031 | M3: 46032 | N3: 46033 | O3: 46034 | P3: 46035 | Q3: 46036 | R3: 46037 | S3: 46038 | T3: 46039 | U3: 46040 | V3: 46041 | W3: 46042 | X3: 46043 | Y3: 46044 | Z3: 46045 | AA3: 46046 | AB3: 46047 | AC3: 46048 | AD3: 46049 | AE3: 46050 | AF3: 46051 | AG3: 46052 | AH3: 46053 | AI3: 46054 | AJ3: 46055 | AK3: 46056 | AL3: 46057 | AM3: 46058 | AN3: 46059 | AO3: 46060 | AP3: 46061 | AQ3: 46062 | AR3: 46063 | AS3: 46064 | AT3: 46065 | AU3: 46066 | AV3: 46067 | AW3: 46068 | AX3: 46069 | AY3: 46070 | AZ3: 46071 | BA3: 46072 | BB3: 46073 | BC3: 46074 | BD3: 46075 | BE3: 46076 | BF3: 46077 | BG3: 46078 | BH3: 46079 | BI3: 46080 | BJ3: 46081 | BK3: 46082 | BL3: 46083 | BM3: 46084 | BN3: 46085 | BO3: 46086 | BP3: 46087 | BQ3: 46088 | BR3: 46089 | BS3: 46090 | BT3: 46091 | BU3: 46092 | BV3: 46093 | BW3: 46094 | BX3: 46095 | BY3: 46096 | BZ3: 46097 | CA3: 46098 | CB3: 46099 | CC3: 46100 | CD3: 46101 | CE3: 46102 | CF3: 46103 | CG3: 46104 | CH3: 46105 | CI3: 46106 | CJ3: 46107 | CK3: 46108 | CL3: 46109 | CM3: 46110 | CN3: 46111 | CO3: 46112 | CP3: 46113 | CQ3: 46114 | CR3: 46115 | CS3: 46116 | CT3: 46117 | CU3: 46118 | CV3: 46119 | CW3: 46120 | CX3: 46121 | CY3: 46122 | CZ3: 46123 | DA3: 46124 | DB3: 46125 | DC3: 46126 | DD3: 46127 | DE3: 46128 | DF3: 46129 | DG3: 46130 | DH3: 46131 | DI3: 46132 | DJ3: 46133 | DK3: 46134 | DL3: 46135 | DM3: 46136 | DN3: 46137 | DO3: 46138 | DP3: 46139 | DQ3: 46140 | DR3: 46141 | DS3: 46142 | DT3: 46143 | DU3: 46144 | DV3: 46145 | DW3: 46146 | DX3: 46147 | DY3: 46148 | DZ3: 46149 | EA3: 46150 | EB3: 46151 | EC3: 46152 | ED3: 46153 | EE3: 46154 | EF3: 46155 | EG3: 46156 | EH3: 46157 | EI3: 46158 | EJ3: 46159 | EK3: 46160 | EL3: 46161 | EM3: 46162 | EN3: 46163 | EO3: 46164 | EP3: 46165 | EQ3: 46166 | ER3: 46167 | ES3: 46168 | ET3: 46169 | EU3: 46170 | EV3: 46171 | EW3: 46172 | EX3: 46173 | EY3: 46174 | EZ3: 46175 | FA3: 46176 | FB3: 46177 | FC3: 46178 | FD3: 46179 | FE3: 46180 | FF3: 46181 | FG3: 46182 | FH3: 46183 | FI3: 46184 | FJ3: 46185 | FK3: 46186 | FL3: 46187 | FM3: 46188 | FN3: 46189 | FO3: 46190 | FP3: 46191 | FQ3: 46192 | FR3: 46193 | FS3: 46194 | FT3: 46195 | FU3: 46196 | FV3: 46197 | FW3: 46198 | FX3: 46199 | FY3: 46200 | FZ3: 46201 | GA3: 46202 | GB3: 46203 | GC3: 46204 | GD3: 46205 | GE3: 46206 | GF3: 46207 | GG3: 46208 | GH3: 46209 | GI3: 46210 | GJ3: 46211 | GK3: 46212 | GL3: 46213 | GM3: 46214 | GN3: 46215 | GO3: 46216 | GP3: 46217 | GQ3: 46218 | GR3: 46219 | GS3: 46220 | GT3: 46221 | GU3: 46222 | GV3: 46223 | GW3: 46224 | GX3: 46225 | GY3: 46226 | GZ3: 46227 | HA3: 46228 | HB3: 46229 | HC3: 46230 | HD3: 46231 | HE3: 46232 | HF3: 46233 | HG3: 46234 | HH3: 46235 | HI3: 46236 | HJ3: 46237 | HK3: 46238 | HL3: 46239 | HM3: 46240 | HN3: 46241 | HO3: 46242 | HP3: 46243 | HQ3: 46244 | HR3: 46245 | HS3: 46246 | HT3: 46247 | HU3: 46248 | HV3: 46249 | HW3: 46250 | HX3: 46251 | HY3: 46252 | HZ3: 46253 | IA3: 46254 | IB3: 46255 | IC3: 46256 | ID3: 46257 | IE3: 46258 | IF3: 46259 | IG3: 46260 | IH3: 46261 | II3: 46262 | IJ3: 46263 | IK3: 46264 | IL3: 46265 | IM3: 46266 | IN3: 46267 | IO3: 46268 | IP3: 46269 | IQ3: 46270 | IR3: 46271 | IS3: 46272 | IT3: 46273 | IU3: 46274 | IV3: 46275 | IW3: 46276 | IX3: 46277 | IY3: 46278 | IZ3: 46279 | JA3: 46280 | JB3: 46281 | JC3: 46282 | JD3: 46283 | JE3: 46284 | JF3: 46285 | JG3: 46286 | JH3: 46287 | JI3: 46288 | JJ3: 46289 | JK3: 46290 | JL3: 46291 | JM3: 46292 | JN3: 46293 | JO3: 46294 | JP3: 46295 | JQ3: 46296 | JR3: 46297 | JS3: 46298 | JT3: 46299 | JU3: 46300 | JV3: 46301 | JW3: 46302 | JX3: 46303 | JY3: 46304 | JZ3: 46305 | KA3: 46306 | KB3: 46307 | KC3: 46308 | KD3: 46309 | KE3: 46310 | KF3: 46311 | KG3: 46312 | KH3: 46313 | KI3: 46314 | KJ3: 46315 | KK3: 46316 | KL3: 46317 | KM3: 46318 | KN3: 46319 | KO3: 46320 | KP3: 46321 | KQ3: 46322 | KR3: 46323 | KS3: 46324 | KT3: 46325 | KU3: 46326 | KV3: 46327 | KW3: 46328 | KX3: 46329 | KY3: 46330 | KZ3: 46331 | LA3: 46332 | LB3: 46333 | LC3: 46334 | LD3: 46335 | LE3: 46336 | LF3: 46337 | LG3: 46338 | LH3: 46339 | LI3: 46340 | LJ3: 46341 | LK3: 46342 | LL3: 46343 | LM3: 46344 | LN3: 46345 | LO3: 46346 | LP3: 46347 | LQ3: 46348 | LR3: 46349 | LS3: 46350 | LT3: 46351 | LU3: 46352 | LV3: 46353 | LW3: 46354 | LX3: 46355 | LY3: 46356 | LZ3: 46357 | MA3: 46358 | MB3: 46359 | MC3: 46360 | MD3: 46361 | ME3: 46362 | MF3: 46363 | MG3: 46364 | MH3: 46365 | MI3: 46366 | MJ3: 46367 | MK3: 46368 | ML3: 46369 | MM3: 46370 | MN3: 46371 | MO3: 46372 | MP3: 46373 | MQ3: 46374 | MR3: 46375 | MS3: 46376 | MT3: 46377 | MU3: 46378 | MV3: 46379 | MW3: 46380 | MX3: 46381 | MY3: 46382 | MZ3: 46383 | NA3: 46384 | NB3: 46385 | NC3: 46386 | ND3: 46387 | NE3: Batas
D4: =TEXT(D3,"DDD") -> Thu | E4: =TEXT(E3,"DDD") -> Fri | F4: =TEXT(F3,"DDD") -> Sat | G4: =TEXT(G3,"DDD") -> Sun | H4: =TEXT(H3,"DDD") -> Mon | I4: =TEXT(I3,"DDD") -> Tue | J4: =TEXT(J3,"DDD") -> Wed | K4: =TEXT(K3,"DDD") -> Thu | ... ND4: =TEXT(ND3,"DDD") -> Thu | NE4: Batas
A5: 1 | B5: Gudang A | C5: Suci Rahmawati | I5: T | AA5: T | AC5: C | AM5: T | AN5: T | AT5: C | BQ5: C | CJ5: C | CK5: C | CL5: CS | GB5: C | GK5: T | GO5: C | IA5: C | IV5: C | NE5: Batas
A6: 2 | B6: Gudang A | C6: Nur Octaviani | O6: T | AQ6: T | BE6: T | CJ6: C | CK6: C | CL6: CS | GF6: CS | GH6: C | GJ6: C | IQ6: CS | NE6: Batas
A7: 3 | B7: Gudang A | C7: M. Farhan | E7: C | CJ7: C | CK7: C | CL7: C | EZ7: C | HY7: C | HZ7: C | IA7: C | NE7: Batas
A8: 4 | B8: Gudang A | C8: Nadia | J8: T | O8: T | X8: T | Z8: T | AJ8: T | AU8: T | AZ8: T | BA8: C | BE8: T | BI8: T | BM8: T | BN8: T | BP8: T | BW8: S | BZ8: C | CA8: C | CB8: C | CJ8: C | CK8: C | CL8: CS | DZ8: C | EF8: T | GX8: C | HD8: T | HO8: C | HP8: C | NE8: Batas
A9: 5 | B9: Gudang A | C9: Aan Turipno | O9: T | AA9: CS | CJ9: C | CK9: C | CL9: C | EZ9: C | GB9: C | GD9: T | HR9: T | JA9: C | JB9: C | JC9: C | NE9: Batas
A10: 6 | B10: Gudang A | C10: dika | E10: C | F10: C | O10: T | P10: T | AE10: T | AF10: T | CB10: C | CJ10: C | CK10: C | CL10: C | DF10: C | DG10: C | DI10: S | EZ10: C | HC10: C | HD10: T | NE10: Batas
A11: 7 | B11: Gudang A | C11: Mella Hariyati | J11: T | O11: T | P11: T | R11: T | V11: T | W11: T | X11: T | AD11: T | AF11: T | AJ11: T | AQ11: T | BE11: T | BM11: T | CJ11: C | CK11: C | CL11: CS | DB11: T | DP11: T | DQ11: T | DU11: CS | DX11: T | ER11: T | FD11: T | GY11: C | HQ11: T | NE11: Batas
A12: 8 | B12: Gudang A | C12: Egi Permana | M12: T | Z12: T | AD12: T | AQ12: C | BE12: T | BM12: T | CJ12: C | CK12: C | CL12: C | CS12: C | DJ12: T | DM12: T | DP12: T | DS12: T | DZ12: T | EI12: C | EO12: C | FO12: C | GE12: T | GJ12: C | GK12: T | GW12: T | GX12: C | HD12: C | HK12: T | HL12: T | IA12: T | IP12: C | IQ12: C | IS12: C | NE12: Batas
A13: 9 | B13: Gudang A | C13: Dede Irawan | E13: C | F13: C | M13: T | P13: T | T13: T | V13: T | AJ13: C | AK13: T | AO13: T | AR13: T | AS13: C | BA13: T | BL13: T | BS13: T | CA13: T | CJ13: C | CK13: C | CL13: C | CP13: T | EL13: T | EU13: C | FJ13: T | FX13: T | GS13: T | GV13: T | IB13: T | JG13: C | NE13: Batas
A14: 10 | B14: Gudang A | C14: eri mutaqin | M14: T | O14: T | P14: T | T14: T | CJ14: C | CK14: C | CL14: C | EU14: C | HJ14: C | IZ14: C | JA14: C | NE14: Batas
A15: 11 | B15: Gudang A | C15: Fiqri Amirulloh Maulidan | CJ15: C | CK15: C | CL15: C | NE15: Batas
A16: 12 | B16: Gudang A | C16: Jihan | CJ16: C | CK16: C | CL16: CS | NE16: Batas
A17: 13 | B17: Gudang A | C17: Samawi | F17: T | K17: T | M17: T | P17: T | T17: C | V17: C | AD17: T | AE17: T | AH17: T | AJ17: T | AK17: T | AM17: T | AN17: T | AO17: T | AQ17: T | AR17: T | AS17: T | AV17: T | AX17: T | BA17: T | BB17: T | BG17: C | BH17: T | BM17: T | BZ17: T | CJ17: C | CK17: C | CL17: C | DU17: T | DX17: T | EF17: T | EL17: T | EZ17: T | FA17: T | FK17: C | FP17: T | FX17: T | FY17: T | GD17: T | GE17: T | GF17: T | GO17: T | GP17: T | HN17: C | NE17: Batas
A18: 14 | B18: Gudang A | C18: Guruh Fathur Rohman | CJ18: C | CK18: C | CL18: C | NE18: Batas
A19: 15 | B19: Gudang A | C19: Rizal Tajali Akbar | E19: C | T19: C | V19: C | W19: C | BM19: T | CJ19: C | CK19: C | CL19: C | CN19: C | DB19: C | EA19: C | FB19: C | FM19: C | FO19: C | NE19: Batas
A20: 16 | B20: Gudang A | C20: Amrullah | CJ20: C | CK20: C | CL20: C | NE20: Batas
A21: 17 | B21: Gudang A | C21: Dede Komarudin | O21: T | Q21: C | V21: T | AJ21: C | BI21: T | BM21: T | BN21: C | CJ21: C | CK21: C | CL21: C | DS21: T | FX21: CS | GB21: C | HJ21: C | NE21: Batas
A22: 18 | B22: Gudang A | C22: Isti Rofah | Z22: T | BO22: T | CJ22: C | CK22: C | CL22: CS | EW22: CS | EZ22: C | GT22: CS | GV22: C | GW22: C | GZ22: C | NE22: Batas
A23: 19 | B23: Gudang A | C23: Muhammad Ihsan Iswahyudi | AJ23: C | AR23: T | BO23: T | BT23: T | BU23: C | CA23: C | CB23: T | CJ23: C | CK23: C | CL23: CS | CP23: C | DU23: CS | ES23: T | EV23: T | EW23: C | FB23: T | FC23: T | FD23: T | FF23: C | FJ23: T | FQ23: T | FT23: C | GE23: C | HH23: T | HQ23: T | HR23: T | NE23: Batas
A24: 20 | B24: Gudang A | C24: Iwan Setiawan | O24: T | P24: T | AE24: C | AJ24: T | BM24: C | BS24: CS | BU24: C | CJ24: C | CK24: C | CL24: C | DJ24: C | DQ24: T | EE24: C | FD24: C | HO24: CS | HZ24: S | IA24: S | NE24: Batas
A25: 21 | B25: Gudang A | C25: Noval Azhar | H25: T | I25: T | K25: T | M25: T | R25: T | T25: T | Z25: T | AF25: T | AH25: T | AN25: T | AR25: T | BM25: T | CA25: T | CB25: T | CJ25: C | CK25: C | CL25: C | CW25: T | CY25: T | DF25: T | DJ25: T | DK25: T | DM25: T | DR25: T | DS25: T | EE25: T | FF25: T | FI25: T | FO25: T | FT25: T | FU25: T | FW25: T | FY25: T | GD25: C | HG25: T | HS25: T | HV25: T | IE25: T | NE25: Batas
A26: 22 | B26: Gudang A | C26: Putri Maulida | E26: T | O26: T | R26: T | Y26: T | AJ26: T | AQ26: T | BE26: T | BV26: C | CJ26: C | CK26: C | CL26: C | EW26: CS | FI26: T | GK26: CS | GL26: S | HN26: C | HO26: CS | IP26: C | IQ26: CS | NE26: Batas
A27: 23 | B27: Gudang A | C27: Ali Imron | M27: T | O27: T | AA27: C | AE27: C | AJ27: T | AO27: T | BM27: T | BO27: C | BP27: C | CJ27: C | CK27: C | CL27: C | CN27: T | CW27: T | DB27: C | DF27: T | DK27: T | FR27: T | FX27: T | FY27: T | GE27: C | GF27: C | GM27: T | HJ27: T | HL27: T | HO27: T | HQ27: C | HZ27: T | IA27: T | IB27: T | NE27: Batas
A28: 24 | B28: Gudang A | C28: Riyan Setiawan | BC28: C | CJ28: C | CK28: C | CL28: C | DP28: C | GB28: C | GQ28: C | GS28: C | HJ28: C | HK28: C | HL28: C | NE28: Batas
A29: 25 | B29: Gudang A | C29: Kusnadi | F29: T | CJ29: C | CK29: C | CL29: C | DM29: T | FX29: C | FY29: S | NE29: Batas
A30: 26 | B30: Gudang A | C30: Hamdani | CJ30: C | CK30: C | CL30: CS | NE30: Batas
A31: 27 | B31: Gudang A | C31: Risa Srinita | K31: T | W31: T | Y31: T | AD31: T | AJ31: T | AU31: T | BE31: T | BF31: T | BN31: T | BZ31: T | CA31: C | CB31: C | CJ31: C | CK31: C | CL31: CS | CO31: T | DC31: T | DL31: T | DQ31: T | DS31: T | ED31: T | EE31: T | EF31: T | EH31: T | FG31: T | FT31: T | FU31: T | GH31: S | GX31: T | HA31: T | HC31: T | HF31: T | HJ31: T | HK31: T | HM31: T | HN31: T | HQ31: T | HU31: T | HY31: T | IV31: C | NE31: Batas
A32: 28 | B32: Gudang A | C32: Muhamad Imron Sopary | L32: T | Q32: T | R32: T | W32: T | Y32: T | Z32: T | AG32: T | AM32: T | AN32: T | AQ32: T | AR32: T | AS32: T | AU32: T | AV32: T | AX32: T | BE32: T | BG32: T | BI32: T | BM32: T | BQ32: T | BS32: T | CJ32: C | CK32: C | CL32: CS | CO32: T | CP32: T | CS32: C | CW32: C | DN32: T | DP32: C | DQ32: T | DX32: T | DZ32: T | ED32: T | EE32: T | EH32: T | ES32: T | FB32: T | FC32: T | FH32: T | FJ32: T | FK32: T | FP32: T | FQ32: T | FR32: T | FU32: T | FW32: T | FX32: T | GA32: T | GB32: T | GD32: T | GF32: T | GK32: C | HM32: T | HN32: T | HQ32: T | HY32: C | IB32: T | IC32: T | IE32: T | NE32: Batas
A33: 29 | B33: Gudang A | C33: Muhammad Fathir Alfarizi | AE33: C | CJ33: C | CK33: C | CL33: C | EU33: C | EV33: C | EW33: C | FF33: T | FY33: T | GC33: T | GE33: C | GF33: C | HS33: C | JO33: C | NE33: Batas
A34: 30 | B34: Gudang A | C34: Fikri Paturohman | BM34: T | CB34: C | CJ34: C | CK34: C | CL34: C | EZ34: C | FA34: C | FB34: C | GB34: C | GP34: C | GQ34: C | GR34: C | HG34: C | IA34: C | IT34: C | JC34: C | NE34: Batas
A35: 31 | B35: Gudang A | C35: Saiful Fisri | AE35: T | AF35: T | BP35: C | CJ35: C | CK35: C | CL35: C | CV35: T | CW35: C | DU35: C | EH35: C | FD35: C | FQ35: C | GE35: T | GF35: C | GU35: C | GV35: C | GW35: S | HH35: C | IC35: C | IX35: C
A36: 32 | B36: Gudang A | C36: M. Fariz Maulana | AK36: T | AQ36: T | BB36: T | BE36: T | CJ36: C | CK36: C | CL36: C
A37: 33 | B37: Gudang A | C37: Malik Irsad Abdullah | BO37: T | BP37: T | CJ37: C | CK37: C | CL37: C | CX37: T | CY37: T | DD37: T | DF37: T | DJ37: T | DR37: T | DS37: T | DU37: T | EA37: T | FF37: T | FI37: C | FO37: T | FQ37: T | GM37: T | GO37: T | GS37: C | HC37: C | HJ37: T | HU37: C | IB37: C | IC37: C | IJ37: C | JA37: C
A38: 34 | B38: Gudang A | C38: Fatul Muhni Khozali | CJ38: C | CK38: C | CL38: C | CX38: T | DC38: T | DK38: T | EU38: C | FA38: C | FB38: C | FC38: C | FJ38: T | FM38: C | HF38: T | HH38: C | HJ38: T | IB38: T | IU38: C
A39: 35 | B39: Gudang A | C39: Putrinesia Ramadhani H | AQ39: S | AR39: S | CJ39: C | CK39: C | CL39: C | EY39: S | IC39: T | ID39: T | NE39: Batas
A40: 36 | B40: Gudang A | C40: Intan Melani | CJ40: C | CK40: C | CL40: C | EB40: C | NE40: Batas
A41: 37 | B41: Gudang A | C41: Fahrul Azi | I41: T | K41: T | V41: T | BG41: S | BH41: S | CJ41: C | CK41: C | CL41: CS | CQ41: T | CU41: T | DE41: T | DF41: T | DI41: T | DN41: T | GC41: C | GD41: C | GH41: T | GL41: T | HQ41: S | HR41: S | HS41: S | HT41: S | HU41: S | HV41: S | IX41: CS | IZ41: C | NE41: Batas
A42: 38 | B42: Gudang A | C42: Sapto Fama | E42: T | F42: T | H42: T | J42: T | K42: T | M42: T | O42: T | P42: T | Q42: T | R42: T | X42: T | Y42: T | Z42: T | AE42: T | BF42: T | BG42: T | BH42: C | BI42: C | BM42: T | BP42: T | BS42: T | CJ42: C | CK42: C | CL42: CS | CS42: T | CW42: T | DG42: T | DI42: C | DJ42: C | DN42: T | DU42: CS | EW42: T | FB42: T | FI42: T | FY42: T | GE42: T | GF42: T | GH42: T | GT42: T | GV42: T | GZ42: T | HC42: T | HD42: T | HF42: T | HG42: T | HH42: C | HJ42: S | HK42: S | HT42: T | HV42: T | IA42: T | IN42: S | NE42: Batas
A43: 39 | B43: Gudang A | C43: Pandu Galih Prakoso | Z43: T | CJ43: C | CK43: C | CL43: CS | CQ43: C | CS43: C | CU43: C | CV43: C | CW43: C | DK43: T | ED43: S | GD43: T | NE43: Batas
A44: 40 | B44: Gudang A | C44: Anna Virlya Aryanto | H44: S | I44: S | AH44: S | AJ44: S | AK44: S | AL44: S | AM44: S | AN44: S | AO44: S | CJ44: C | CK44: C | CL44: CS | HH44: C | IT44: S | JG44: S | NE44: Batas
A45: 41 | B45: Gudang A | C45: Fachrial Akbar | NE45: Batas
A46: 42 | B46: Gudang A | C46: Daffa Marcel Alfarras | H46: S | O46: T | P46: T | Q46: T | R46: T | X46: T | AF46: T | CJ46: C | CK46: C | CL46: C | NE46: Batas
A47: 43 | B47: Gudang A | C47: Sesilia Karuna Ekaputra | K47: T | GI47: T | HL47: T | II47: S
A48: 44 | B48: Gudang A | C48: Kenny Kiemas Ramdhana | FD48: T | FW48: T | HF48: S
A49: 45 | B49: Gudang C | C49: Andi Santanu | CJ49: C | CK49: C | CL49: C | NE49: Batas
A50: 46 | B50: Gudang C | C50: Aat Ahmad Hidayat | AQ50: T | BI50: T | CB50: C | CJ50: C | CK50: C | CL50: C | NE50: Batas
A51: 47 | B51: Gudang C | C51: Noval Handika | M51: T | O51: C | CJ51: C | CK51: C | CL51: C | CU51: T | DK51: T | DQ51: T | EM51: T | FF51: T | GJ51: T | GL51: T | GR51: T | IB51: C | IZ51: C | NE51: Batas
A52: 48 | B52: Gudang C | C52: Muhammad Hopid | E52: C | AT52: C | AU52: C | CJ52: C | CK52: C | CL52: C | DU52: C | FT52: T | HD52: C | IC52: C | IE52: C | NE52: Batas
A53: 49 | B53: Gudang C | C53: Taopik Hidayat | CJ53: C | CK53: C | CL53: C | FB53: C | FC53: C | FD53: C | GE53: C | GF53: C | NE53: Batas
A54: 50 | B54: Gudang C | C54: Iwan Kosasih | AZ54: T | CJ54: C | CK54: C | CL54: C | GR54: S | GS54: S | GT54: S | HO54: C | IX54: C | NE54: Batas
A55: 51 | B55: Gudang C | C55: Hadidtio | E55: C | F55: C | Z55: C | AA55: C | CJ55: C | CK55: C | CL55: C | DU55: C | EW55: C | NE55: Batas
A56: 52 | B56: Gudang C | C56: Muhammad Yusuf | CJ56: C | CK56: C | CL56: C | NE56: Batas
A57: 53 | B57: Gudang C | C57: Yustari Anggraeni | AF57: T | BB57: T | BT57: T | CJ57: C | CK57: C | CL57: CS | DK57: T | DM57: T | DU57: T | FD57: T | GP57: T | HZ57: S | NE57: Batas
A58: 54 | B58: Gudang C | C58: Dian Maulana | GA58: C | GB58: C | GT58: C | HR58: C | IQ58: S | IS58: C | JG58: S | JH58: C
A59: 55 | B59: Gudang C | C59: Dimas Pratama | FA59: C | FJ59: C
A60: 56 | B60: Gudang C | C60: M. Rifqi Fauzan | HC60: C | HQ60: C
A61: 57 | B61: Gudang C | C61: Afriza Saputra | EX61: T | GK61: C | GW61: C | HM61: C | IM61: C | IW61: C
A62: 58 | B62: Gudang C | C62: Zainudin Hidayatullah | FD62: C | GT62: C | GX62: C | IL62: C | IT62: C | IU62: S | IV62: C
A63: 59 | B63: Set Up | C63: Guntur | AK63: T | AL63: T | AN63: T | AO63: T | BA63: T | NE63: Batas
A64: 60 | B64: Set Up | C64: Julian Akbar | E64: C | I64: C | R64: C | AC64: C | AL64: C | AT64: C | AZ64: C | BE64: C | CJ64: C | CK64: C | CL64: C | EM64: C | ES64: T | EU64: T | EY64: T | FA64: T | FB64: T | FH64: T | FP64: T | FT64: T | FV64: T | FW64: T | FY64: T | GB64: T | GC64: T | GD64: T | GE64: T | GF64: T | GG64: C | GH64: T | GJ64: T | GK64: C | GL64: T | GQ64: T | GR64: C | GS64: C | GV64: T | GW64: T | GX64: T | GY64: T | GZ64: C | HA64: T | HC64: T | HE64: T | HF64: T | HG64: T | HH64: T | HJ64: T | HK64: T | HL64: T | HM64: T | HN64: T | HO64: T | HQ64: T | HS64: T | HT64: T | HU64: T | HV64: T | HY64: T | IB64: T | IC64: T | IE64: T | NE64: Batas
A65: 61 | B65: Set Up | C65: Daud | CJ65: C | CK65: C | CL65: C | NE65: Batas
A66: 62 | B66: Set Up | C66: nabila wardah saadah | I66: T | K66: T | L66: T | O66: T | P66: T | Q66: T | R66: T | T66: T | W66: T | X66: T | Y66: T | AC66: T | AF66: T | AG66: T | AH66: T | AJ66: T | AK66: T | AN66: T | AQ66: T | BA66: T | BB66: T | BC66: C | CJ66: C | CK66: C | CL66: C | DQ66: T | DS66: T | DT66: T | DU66: T | DX66: T | DZ66: T | EA66: T | EI66: T | EK66: T | EN66: T | EP66: T | ES66: T | EW66: T | EY66: T | EZ66: T | FA66: T | FC66: T | FD66: T | FI66: T | FJ66: T | FK66: T | FM66: T | FO66: T | FT66: T | GC66: C | GD66: C | HL66: S | HM66: S | HN66: S | HO66: S | HQ66: S | HT66: T | HV66: CS | IE66: T | IJ66: C | IX66: C | NE66: Batas
A67: 63 | B67: Set Up | C67: soleh | E67: C | F67: C | CJ67: C | CK67: C | CL67: C | ES67: T | EU67: T | EW67: T | EZ67: T | FA67: T | FC67: T | FD67: T | FH67: T | FI67: T | FJ67: T | FM67: C | FN67: C | FO67: C | FP67: C | FQ67: C | FR67: C | FT67: C | FU67: C | FV67: C | FW67: C | FZ67: T | GC67: T | GG67: T | GH67: T | GN67: T | GO67: T | GT67: T | GU67: T | GX67: T | HB67: T | HH67: C | HJ67: C | HL67: T | HM67: T | HN67: T | HO67: T | HQ67: T | HR67: T | NE67: Batas
A68: 64 | B68: Set Up | C68: diki | Y68: C | BL68: C | CJ68: C | CK68: C | CL68: C | DC68: C | DL68: C | DY68: C | EB68: C | ED68: C | EF68: C | EM68: C | FH68: T | FL68: T | GW68: S | GY68: S | HF68: C | HJ68: T | IA68: C | IH68: S | IO68: S | IS68: S | JG68: S | NE68: Batas
A69: 65 | B69: Set Up | C69: Khaeril Haq | I69: T | J69: T | K69: T | L69: T | M69: T | O69: T | P69: T | Q69: T | R69: T | W69: T | X69: T | Y69: T | Z69: T | AA69: T | AC69: T | AD69: T | AF69: T | AG69: T | AH69: T | AK69: T | AL69: T | AM69: T | AN69: T | AO69: T | AQ69: T | AT69: T | BA69: T | BC69: C | BF69: C | BQ69: C | CJ69: C | CK69: C | CL69: C | CS69: C | DP69: T | DS69: T | DT69: T | DU69: C | DW69: T | DX69: T | EI69: T | EL69: T | EM69: T | EN69: T | EO69: T | ES69: T | EU69: T | EV69: T | EW69: T | EX69: T | EY69: T | FA69: T | FC69: T | FD69: T | FG69: T | FI69: T | FJ69: T | FK69: T | FQ69: T | FU69: T | FV69: T | FY69: T | GE69: T | GF69: T | GJ69: T | GM69: T | GQ69: T | GV69: T | GW69: T | HE69: T | HH69: T | HI69: T | NE69: Batas
A70: 66 | B70: Set Up | C70: vincentius deddy | NE70: Batas
A71: 67 | B71: Set Up | C71: kurniawan | CJ71: C | CK71: C | CL71: C | FC71: T | FH71: C | FI71: C | FJ71: C | FK71: C | GC71: T | HH71: T | NE71: Batas
A72: 68 | B72: Set Up | C72: Sugi | K72: C | L72: C | M72: C | CJ72: C | CK72: C | CL72: C | ES72: T | EV72: T | EW72: T | EZ72: T | FA72: T | FC72: T | FD72: T | FG72: C | FH72: C | FI72: C | FK72: T | FO72: T | FP72: T | GJ72: T | GO72: T | HD72: C | IE72: T | IJ72: C | IL72: C | IM72: C | IS72: C | NE72: Batas
A73: 69 | B73: Set Up | C73: alfandi | NE73: Batas
A74: 70 | B74: Set Up | C74: ayuning | J74: T | K74: T | L74: T | Q74: T | R74: T | T74: T | W74: T | X74: T | Y74: T | AC74: T | AD74: T | AG74: T | AH74: T | AK74: T | AL74: T | AM74: T | AQ74: T | BM74: T | BP74: T | CB74: T | NE74: Batas
A75: 71 | B75: Set Up | C75: Egi | D75: C | E75: C | F75: C | G75: C | H75: C | I75: C | J75: C | K75: C | L75: C | M75: C | N75: C | O75: C | BL75: C | EL75: C | FJ75: T | FU75: T | GJ75: C | HN75: C | NE75: Batas
A76: 72 | B76: Set Up | C76: Muchtar | D76: C | E76: C | F76: C | G76: C | H76: C | I76: C | NE76: Batas
A77: 73 | B77: Set Up | C77: Alip | NE77: Batas
A78: 74 | B78: Set Up | C78: Bintang Ananda | Y78: T | AQ78: T | BB78: T
A79: 75 | B79: Set Up | C79: Shaqinah | D79: C | E79: C | F79: C | G79: C | H79: C | I79: C | J79: C | K79: C | L79: C | M79: C | N79: C | O79: C
A80: 76 | B80: Set Up | C80: Karlina Putri | D80: C | E80: C | F80: C | G80: C | H80: C | I80: C | J80: C | K80: C | L80: C | M80: C | N80: C | O80: C
A81: 77 | B81: Set Up | C81: Julio Siahaan | D81: C | E81: C | F81: C | G81: C | H81: C | I81: C | J81: C | K81: C | L81: C | M81: C | N81: C | O81: C | EJ81: C | EK81: C | EL81: C | EM81: C | FK81: T | FM81: T | GA81: T | GE81: C | GF81: C | GN81: T | HO81: T
A82: 78 | B82: Set Up | C82: Hilman | D82: C | E82: C | F82: C | G82: C | H82: C | I82: C | J82: C | K82: C | L82: C | M82: C | N82: C | O82: C | EY82: T | EZ82: T | FB82: T | FC82: T | FD82: T | FH82: T | FI82: T | FK82: T | FN82: T | FQ82: T | FU82: T | FV82: T | FY82: T | GA82: C | GB82: C | GC82: C | GX82: T | HN82: T
A83: 79 | B83: GLC | C83: BAGUS | GE83: T | GO83: T | IJ83: C | IK83: C | IL83: C | NE83: Batas
A84: 80 | B84: GLC | C84: ADIT | HN84: T | NE84: Batas
A85: 81 | B85: GLC | C85: FAUZI | BQ85: T | BS85: T | BT85: T | EO85: C | ER85: T | FX85: T | GB85: T | GC85: T | GS85: C | GV85: T | IE85: T | IP85: C | IQ85: C | IR85: C | NE85: Batas
A86: 82 | B86: GLC | C86: SALWA | D86: C | E86: C | F86: C | G86: C | H86: C | BM86: S | GD86: C | NE86: Batas
A87: 83 | B87: Tanjung Duren | C87: Agung | AZ87: T | FZ87: C | GA87: C | GB87: C | GC87: C | GD87: C | GE87: C | GW87: T | NE87: Batas
A88: 84 | B88: Tanjung Duren | C88: Bany | AY88: T | AZ88: T | BI88: T | BM88: T | BO88: T | BQ88: T | CM88: T | DH88: T | GH88: T | GU88: T | HE88: T | HI88: T | IC88: T | NE88: Batas
A89: 85 | B89: Tanjung Duren | C89: Afrizal | IL89: C | IM89: C | IN89: C | IO89: C | NE89: Batas
A90: 86 | B90: Tanjung Duren | C90: Tri kartika | AE90: C | AK90: T | AN90: T | BG90: T | BN90: T | BR90: T | CM90: C | CN90: C | CO90: C | CP90: C | CQ90: C | CR90: C | DJ90: T | DK90: T | EV90: T | FM90: T | GP90: T | JD90: C | JE90: C | NE90: Batas
A91: 87 | B91: IDD | C91: Aulia | IV91: C | IW91: C | IX91: C | IY91: C | IZ91: C | JA91: C | JB91: C | NE91: Batas
A92: 88 | B92: IDD | C92: Neneng nurasiah | NE92: Batas
A93: 89 | B93: Reef Plus | C93: Andry | NE93: Batas
A94: 90 | B94: Reef Plus | C94: Yono | AJ94: C | AK94: C | AL94: C | CJ94: C | CK94: C | DW94: C | DX94: C | GN94: C | GO94: C | GP94: C | NE94: Batas
A95: 91 | B95: Reef Plus | C95: Faturrachman | BQ95: T | BT95: T | CO95: C | CP95: C | CQ95: C | CR95: C | CS95: C | CT95: C | CU95: C | HL95: T | IW95: C | NE95: Batas
A96: 92 | B96: Reef Plus | C96: Tomi | GO96: C | GP96: C | GQ96: C | GR96: C | NE96: Batas
A97: 93 | B97: Reef Plus | C97: Hadid | HK97: T | IE97: C | IF97: C | IG97: C | IH97: C | IV97: C | NE97: Batas
A98: 94 | B98: Reef Plus | C98: Fuad | FK98: T | FY98: T | GD98: T | GM98: C | GX98: T | HE98: C | HU98: T | IS98: C | NE98: Batas
A99: 95 | B99: Reef Plus | C99: Faisal | D99: C | E99: C | F99: C | G99: C | H99: C | I99: C | J99: C | K99: C | L99: C | M99: C | N99: C | O99: C | EX99: T | EZ99: T | FK99: T | FL99: T | NE99: Batas
A100: 96 | B100: Reef Plus | C100: Ugi | AL100: C | AU100: T | BB100: T | BX100: T | DP100: C | FH100: T | FP100: T | FV100: T | GA100: T | GY100: T | NE100: Batas
...

Sheet Rekap
A1: REKAP KEHADIRAN
M2: =VLOOKUP(C3,Setting!D2:E13,2,0) -> 09
B3: Pilih Bulan | C3: September | F3: *pilih bulan
A5: No. | B5: Lokasi | C5: Nama Karyawan | E5: Hadir | F5: Cuti | G5: Cuti Setengah Hari | H5: Sakit | I5: Terlambat | J5: Keluar Pagi | M5: Sisa Cuti
E6: H | F6: C | G6: CS | H6: S | I6: T | J6: KP
A7: 1 | B7: =Absensi!B5 -> Gudang A | C7: =Absensi!C5 -> Suci Rahmawati | D7: =B7&C7 -> Gudang ASuci Rahmawati | E7: =COUNTIFS(Absensi!$D5:$ND5,Rekap!E$6,Absensi!$D$2:$ND$2,$M$2) -> 0 | F7: =COUNTIFS(Absensi!$D5:$ND5,Rekap!F$6,Absensi!$D$2:$ND$2,$M$2) -> 1 | G7: =COUNTIFS(Absensi!$D5:$ND5,Rekap!G$6,Absensi!$D$2:$ND$2,$M$2) -> 0 | H7: =COUNTIFS(Absensi!$D5:$ND5,Rekap!H$6,Absensi!$D$2:$ND$2,$M$2) -> 0 | I7: =COUNTIFS(Absensi!$D5:$ND5,Rekap!I$6,Absensi!$D$2:$ND$2,$M$2) -> 0 | J7: =COUNTIFS(Absensi!$D5:$ND5,Rekap!J$6,Absensi!$D$2:$ND$2,$M$2) -> 0 | M7: =IF($M$2="01",SUMIF(Test!$D:$D,Rekap!D7,Test!$AC:$AC),IF($M$2="02",SUMIF(Test!$D:$D,Rekap!D7,Test!$AD:$AD),IF($M$2="03",SUMIF(Test!$D:$D,Rekap!D7,Test!$AE:$AE),IF($M$2="04",SUMIF(Test!$D:$D,Rekap!D7,Test!$AF:$AF),IF($M$2="05",SUMIF(Test!$D:$D,Rekap!D7,Test!$AG:$AG),IF($M$2="06",SUMIF(Test!$D:$D,Rekap!D7,Test!$AH:$AH),IF($M$2="07",SUMIF(Test!$D:$D,Rekap!D7,Test!$AI:$AI),IF($M$2="08",SUMIF(Test!$D:$D,Rekap!D7,Test!$AJ:$AJ),IF($M$2="09",SUMIF(Test!$D:$D,Rekap!D7,Test!$AK:$AK),IF($M$2="10",SUMIF(Test!$D:$D,Rekap!D7,Test!$AL:$AL),IF($M$2="11",SUMIF(Test!$D:$D,Rekap!D7,Test!$AM:$AM),IF($M$2="12",SUMIF(Test!$D:$D,Rekap!D7,Test!$AN:$AN),0)))))))))))) -> 2.5
A8: 2 | B8: =Absensi!B6 -> Gudang A | C8: =Absensi!C6 -> Nur Octaviani | D8: =B8&C8 -> Gudang ANur Octaviani | E8: =COUNTIFS(Absensi!$D6:$ND6,Rekap!E$6,Absensi!$D$2:$ND$2,$M$2) -> 0 | F8: =COUNTIFS(Absensi!$D6:$ND6,Rekap!F$6,Absensi!$D$2:$ND$2,$M$2) -> 0 | G8: =COUNTIFS(Absensi!$D6:$ND6,Rekap!G$6,Absensi!$D$2:$ND$2,$M$2) -> 1 | H8: =COUNTIFS(Absensi!$D6:$ND6,Rekap!H$6,Absensi!$D$2:$ND$2,$M$2) -> 0 | I8: =COUNTIFS(Absensi!$D6:$ND6,Rekap!I$6,Absensi!$D$2:$ND$2,$M$2) -> 0 | J8: =COUNTIFS(Absensi!$D6:$ND6,Rekap!J$6,Absensi!$D$2:$ND$2,$M$2) -> 0 | M8: =IF($M$2="01",SUMIF(Test!$D:$D,Rekap!D8,Test!$AC:$AC),IF($M$2="02",SUMIF(Test!$D:$D,Rekap!D8,Test!$AD:$AD),IF($M$2="03",SUMIF(Test!$D:$D,Rekap!D8,Test!$AE:$AE),IF($M$2="04",SUMIF(Test!$D:$D,Rekap!D8,Test!$AF:$AF),IF($M$2="05",SUMIF(Test!$D:$D,Rekap!D8,Test!$AG:$AG),IF($M$2="06",SUMIF(Test!$D:$D,Rekap!D8,Test!$AH:$AH),IF($M$2="07",SUMIF(Test!$D:$D,Rekap!D8,Test!$AI:$AI),IF($M$2="08",SUMIF(Test!$D:$D,Rekap!D8,Test!$AJ:$AJ),IF($M$2="09",SUMIF(Test!$D:$D,Rekap!D8,Test!$AK:$AK),IF($M$2="10",SUMIF(Test!$D:$D,Rekap!D8,Test!$AL:$AL),IF($M$2="11",SUMIF(Test!$D:$D,Rekap!D8,Test!$AM:$AM),IF($M$2="12",SUMIF(Test!$D:$D,Rekap!D8,Test!$AN:$AN),0)))))))))))) -> 6.5
A9: 3 | B9: =Absensi!B7 -> Gudang A | C9: =Absensi!C7 -> M. Farhan | D9: =B9&C9 -> Gudang AM. Farhan | E9: =COUNTIFS(Absensi!$D7:$ND7,Rekap!E$6,Absensi!$D$2:$ND$2,$M$2) -> 0 | F9: =COUNTIFS(Absensi!$D7:$ND7,Rekap!F$6,Absensi!$D$2:$ND$2,$M$2) -> 0 | G9: =COUNTIFS(Absensi!$D7:$ND7,Rekap!G$6,Absensi!$D$2:$ND$2,$M$2) -> 0 | H9: =COUNTIFS(Absensi!$D7:$ND7,Rekap!H$6,Absensi!$D$2:$ND$2,$M$2) -> 0 | I9: =COUNTIFS(Absensi!$D7:$ND7,Rekap!I$6,Absensi!$D$2:$ND$2,$M$2) -> 0 | J9: =COUNTIFS(Absensi!$D7:$ND7,Rekap!J$6,Absensi!$D$2:$ND$2,$M$2) -> 0 | M9: =IF($M$2="01",SUMIF(Test!$D:$D,Rekap!D9,Test!$AC:$AC),IF($M$2="02",SUMIF(Test!$D:$D,Rekap!D9,Test!$AD:$AD),IF($M$2="03",SUMIF(Test!$D:$D,Rekap!D9,Test!$AE:$AE),IF($M$2="04",SUMIF(Test!$D:$D,Rekap!D9,Test!$AF:$AF),IF($M$2="05",SUMIF(Test!$D:$D,Rekap!D9,Test!$AG:$AG),IF($M$2="06",SUMIF(Test!$D:$D,Rekap!D9,Test!$AH:$AH),IF($M$2="07",SUMIF(Test!$D:$D,Rekap!D9,Test!$AI:$AI),IF($M$2="08",SUMIF(Test!$D:$D,Rekap!D9,Test!$AJ:$AJ),IF($M$2="09",SUMIF(Test!$D:$D,Rekap!D9,Test!$AK:$AK),IF($M$2="10",SUMIF(Test!$D:$D,Rekap!D9,Test!$AL:$AL),IF($M$2="11",SUMIF(Test!$D:$D,Rekap!D9,Test!$AM:$AM),IF($M$2="12",SUMIF(Test!$D:$D,Rekap!D9,Test!$AN:$AN),0)))))))))))) -> 4
A10: 4 | B10: =Absensi!B8 -> Gudang A | C10: =Absensi!C8 -> Nadia | D10: =B10&C10 -> Gudang ANadia | E10: =COUNTIFS(Absensi!$D8:$ND8,Rekap!E$6,Absensi!$D$2:$ND$2,$M$2) -> 0 | F10: =COUNTIFS(Absensi!$D8:$ND8,Rekap!F$6,Absensi!$D$2:$ND$2,$M$2) -> 0 | G10: =COUNTIFS(Absensi!$D8:$ND8,Rekap!G$6,Absensi!$D$2:$ND$2,$M$2) -> 0 | H10: =COUNTIFS(Absensi!$D8:$ND8,Rekap!H$6,Absensi!$D$2:$ND$2,$M$2) -> 0 | I10: =COUNTIFS(Absensi!$D8:$ND8,Rekap!I$6,Absensi!$D$2:$ND$2,$M$2) -> 0 | J10: =COUNTIFS(Absensi!$D8:$ND8,Rekap!J$6,Absensi!$D$2:$ND$2,$M$2) -> 0 | M10: =IF($M$2="01",SUMIF(Test!$D:$D,Rekap!D10,Test!$AC:$AC),IF($M$2="02",SUMIF(Test!$D:$D,Rekap!D10,Test!$AD:$AD),IF($M$2="03",SUMIF(Test!$D:$D,Rekap!D10,Test!$AE:$AE),IF($M$2="04",SUMIF(Test!$D:$D,Rekap!D10,Test!$AF:$AF),IF($M$2="05",SUMIF(Test!$D:$D,Rekap!D10,Test!$AG:$AG),IF($M$2="06",SUMIF(Test!$D:$D,Rekap!D10,Test!$AH:$AH),IF($M$2="07",SUMIF(Test!$D:$D,Rekap!D10,Test!$AI:$AI),IF($M$2="08",SUMIF(Test!$D:$D,Rekap!D10,Test!$AJ:$AJ),IF($M$2="09",SUMIF(Test!$D:$D,Rekap!D10,Test!$AK:$AK),IF($M$2="10",SUMIF(Test!$D:$D,Rekap!D10,Test!$AL:$AL),IF($M$2="11",SUMIF(Test!$D:$D,Rekap!D10,Test!$AM:$AM),IF($M$2="12",SUMIF(Test!$D:$D,Rekap!D10,Test!$AN:$AN),0)))))))))))) -> 1.5
A11: 5 | B11: =Absensi!B9 -> Gudang A | C11: =Absensi!C9 -> Aan Turipno | D11: =B11&C11 -> Gudang AAan Turipno | E11: =COUNTIFS(Absensi!$D9:$ND9,Rekap!E$6,Absensi!$D$2:$ND$2,$M$2) -> 0 | F11: =COUNTIFS(Absensi!$D9:$ND9,Rekap!F$6,Absensi!$D$2:$ND$2,$M$2) -> 3 | G11: =COUNTIFS(Absensi!$D9:$ND9,Rekap!G$6,Absensi!$D$2:$ND$2,$M$2) -> 0 | H11: =COUNTIFS(Absensi!$D9:$ND9,Rekap!H$6,Absensi!$D$2:$ND$2,$M$2) -> 0 | I11: =COUNTIFS(Absensi!$D9:$ND9,Rekap!I$6,Absensi!$D$2:$ND$2,$M$2) -> 0 | J11: =COUNTIFS(Absensi!$D9:$ND9,Rekap!J$6,Absensi!$D$2:$ND$2,$M$2) -> 0 | M11: =IF($M$2="01",SUMIF(Test!$D:$D,Rekap!D11,Test!$AC:$AC),IF($M$2="02",SUMIF(Test!$D:$D,Rekap!D11,Test!$AD:$AD),IF($M$2="03",SUMIF(Test!$D:$D,Rekap!D11,Test!$AE:$AE),IF($M$2="04",SUMIF(Test!$D:$D,Rekap!D11,Test!$AF:$AF),IF($M$2="05",SUMIF(Test!$D:$D,Rekap!D11,Test!$AG:$AG),IF($M$2="06",SUMIF(Test!$D:$D,Rekap!D11,Test!$AH:$AH),IF($M$2="07",SUMIF(Test!$D:$D,Rekap!D11,Test!$AI:$AI),IF($M$2="08",SUMIF(Test!$D:$D,Rekap!D11,Test!$AJ:$AJ),IF($M$2="09",SUMIF(Test!$D:$D,Rekap!D11,Test!$AK:$AK),IF($M$2="10",SUMIF(Test!$D:$D,Rekap!D11,Test!$AL:$AL),IF($M$2="11",SUMIF(Test!$D:$D,Rekap!D11,Test!$AM:$AM),IF($M$2="12",SUMIF(Test!$D:$D,Rekap!D11,Test!$AN:$AN),0)))))))))))) -> 3.5
A12: 6 | B12: =Absensi!B10 -> Gudang A | C12: =Absensi!C10 -> dika | D12: =B12&C12 -> Gudang Adika | E12: =COUNTIFS(Absensi!$D10:$ND10,Rekap!E$6,Absensi!$D$2:$ND$2,$M$2) -> 0 | F12: =COUNTIFS(Absensi!$D10:$ND10,Rekap!F$6,Absensi!$D$2:$ND$2,$M$2) -> 0 | G12: =COUNTIFS(Absensi!$D10:$ND10,Rekap!G$6,Absensi!$D$2:$ND$2,$M$2) -> 0 | H12: =COUNTIFS(Absensi!$D10:$ND10,Rekap!H$6,Absensi!$D$2:$ND$2,$M$2) -> 0 | I12: =COUNTIFS(Absensi!$D10:$ND10,Rekap!I$6,Absensi!$D$2:$ND$2,$M$2) -> 0 | J12: =COUNTIFS(Absensi!$D10:$ND10,Rekap!J$6,Absensi!$D$2:$ND$2,$M$2) -> 0 | M12: =IF($M$2="01",SUMIF(Test!$D:$D,Rekap!D12,Test!$AC:$AC),IF($M$2="02",SUMIF(Test!$D:$D,Rekap!D12,Test!$AD:$AD),IF($M$2="03",SUMIF(Test!$D:$D,Rekap!D12,Test!$AE:$AE),IF($M$2="04",SUMIF(Test!$D:$D,Rekap!D12,Test!$AF:$AF),IF($M$2="05",SUMIF(Test!$D:$D,Rekap!D12,Test!$AG:$AG),IF($M$2="06",SUMIF(Test!$D:$D,Rekap!D12,Test!$AH:$AH),IF($M$2="07",SUMIF(Test!$D:$D,Rekap!D12,Test!$AI:$AI),IF($M$2="08",SUMIF(Test!$D:$D,Rekap!D12,Test!$AJ:$AJ),IF($M$2="09",SUMIF(Test!$D:$D,Rekap!D12,Test!$AK:$AK),IF($M$2="10",SUMIF(Test!$D:$D,Rekap!D12,Test!$AL:$AL),IF($M$2="11",SUMIF(Test!$D:$D,Rekap!D12,Test!$AM:$AM),IF($M$2="12",SUMIF(Test!$D:$D,Rekap!D12,Test!$AN:$AN),0)))))))))))) -> 2
A13: 7 | B13: =Absensi!B11 -> Gudang A | C13: =Absensi!C11 -> Mella Hariyati | D13: =B13&C13 -> Gudang AMella Hariyati | E13: =COUNTIFS(Absensi!$D11:$ND11,Rekap!E$6,Absensi!$D$2:$ND$2,$M$2) -> 0 | F13: =COUNTIFS(Absensi!$D11:$ND11,Rekap!F$6,Absensi!$D$2:$ND$2,$M$2) -> 0 | G13: =COUNTIFS(Absensi!$D11:$ND11,Rekap!G$6,Absensi!$D$2:$ND$2,$M$2) -> 0 | H13: =COUNTIFS(Absensi!$D11:$ND11,Rekap!H$6,Absensi!$D$2:$ND$2,$M$2) -> 0 | I13: =COUNTIFS(Absensi!$D11:$ND11,Rekap!I$6,Absensi!$D$2:$ND$2,$M$2) -> 0 | J13: =COUNTIFS(Absensi!$D11:$ND11,Rekap!J$6,Absensi!$D$2:$ND$2,$M$2) -> 0 | M13: =IF($M$2="01",SUMIF(Test!$D:$D,Rekap!D13,Test!$AC:$AC),IF($M$2="02",SUMIF(Test!$D:$D,Rekap!D13,Test!$AD:$AD),IF($M$2="03",SUMIF(Test!$D:$D,Rekap!D13,Test!$AE:$AE),IF($M$2="04",SUMIF(Test!$D:$D,Rekap!D13,Test!$AF:$AF),IF($M$2="05",SUMIF(Test!$D:$D,Rekap!D13,Test!$AG:$AG),IF($M$2="06",SUMIF(Test!$D:$D,Rekap!D13,Test!$AH:$AH),IF($M$2="07",SUMIF(Test!$D:$D,Rekap!D13,Test!$AI:$AI),IF($M$2="08",SUMIF(Test!$D:$D,Rekap!D13,Test!$AJ:$AJ),IF($M$2="09",SUMIF(Test!$D:$D,Rekap!D13,Test!$AK:$AK),IF($M$2="10",SUMIF(Test!$D:$D,Rekap!D13,Test!$AL:$AL),IF($M$2="11",SUMIF(Test!$D:$D,Rekap!D13,Test!$AM:$AM),IF($M$2="12",SUMIF(Test!$D:$D,Rekap!D13,Test!$AN:$AN),0)))))))))))) -> 8
A14: 8 | B14: =Absensi!B12 -> Gudang A | C14: =Absensi!C12 -> Egi Permana | D14: =B14&C14 -> Gudang AEgi Permana | E14: =COUNTIFS(Absensi!$D12:$ND12,Rekap!E$6,Absensi!$D$2:$ND$2,$M$2) -> 0 | F14: =COUNTIFS(Absensi!$D12:$ND12,Rekap!F$6,Absensi!$D$2:$ND$2,$M$2) -> 3 | G14: =COUNTIFS(Absensi!$D12:$ND12,Rekap!G$6,Absensi!$D$2:$ND$2,$M$2) -> 0 | H14: =COUNTIFS(Absensi!$D12:$ND12,Rekap!H$6,Absensi!$D$2:$ND$2,$M$2) -> 0 | I14: =COUNTIFS(Absensi!$D12:$ND12,Rekap!I$6,Absensi!$D$2:$ND$2,$M$2) -> 0 | J14: =COUNTIFS(Absensi!$D12:$ND12,Rekap!J$6,Absensi!$D$2:$ND$2,$M$2) -> 0 | M14: =IF($M$2="01",SUMIF(Test!$D:$D,Rekap!D14,Test!$AC:$AC),IF($M$2="02",SUMIF(Test!$D:$D,Rekap!D14,Test!$AD:$AD),IF($M$2="03",SUMIF(Test!$D:$D,Rekap!D14,Test!$AE:$AE),IF($M$2="04",SUMIF(Test!$D:$D,Rekap!D14,Test!$AF:$AF),IF($M$2="05",SUMIF(Test!$D:$D,Rekap!D14,Test!$AG:$AG),IF($M$2="06",SUMIF(Test!$D:$D,Rekap!D14,Test!$AH:$AH),IF($M$2="07",SUMIF(Test!$D:$D,Rekap!D14,Test!$AI:$AI),IF($M$2="08",SUMIF(Test!$D:$D,Rekap!D14,Test!$AJ:$AJ),IF($M$2="09",SUMIF(Test!$D:$D,Rekap!D14,Test!$AK:$AK),IF($M$2="10",SUMIF(Test!$D:$D,Rekap!D14,Test!$AL:$AL),IF($M$2="11",SUMIF(Test!$D:$D,Rekap!D14,Test!$AM:$AM),IF($M$2="12",SUMIF(Test!$D:$D,Rekap!D14,Test!$AN:$AN),0)))))))))))) -> -2
A15: 9 | B15: =Absensi!B13 -> Gudang A | C15: =Absensi!C13 -> Dede Irawan | D15: =B15&C15 -> Gudang ADede Irawan | E15: =COUNTIFS(Absensi!$D13:$ND13,Rekap!E$6,Absensi!$D$2:$ND$2,$M$2) -> 0 | F15: =COUNTIFS(Absensi!$D13:$ND13,Rekap!F$6,Absensi!$D$2:$ND$2,$M$2) -> 1 | G15: =COUNTIFS(Absensi!$D13:$ND13,Rekap!G$6,Absensi!$D$2:$ND$2,$M$2) -> 0 | H15: =COUNTIFS(Absensi!$D13:$ND13,Rekap!H$6,Absensi!$D$2:$ND$2,$M$2) -> 0 | I15: =COUNTIFS(Absensi!$D13:$ND13,Rekap!I$6,Absensi!$D$2:$ND$2,$M$2) -> 0 | J15: =COUNTIFS(Absensi!$D13:$ND13,Rekap!J$6,Absensi!$D$2:$ND$2,$M$2) -> 0 | M15: =IF($M$2="01",SUMIF(Test!$D:$D,Rekap!D15,Test!$AC:$AC),IF($M$2="02",SUMIF(Test!$D:$D,Rekap!D15,Test!$AD:$AD),IF($M$2="03",SUMIF(Test!$D:$D,Rekap!D15,Test!$AE:$AE),IF($M$2="04",SUMIF(Test!$D:$D,Rekap!D15,Test!$AF:$AF),IF($M$2="05",SUMIF(Test!$D:$D,Rekap!D15,Test!$AG:$AG),IF($M$2="06",SUMIF(Test!$D:$D,Rekap!D15,Test!$AH:$AH),IF($M$2="07",SUMIF(Test!$D:$D,Rekap!D15,Test!$AI:$AI),IF($M$2="08",SUMIF(Test!$D:$D,Rekap!D15,Test!$AJ:$AJ),IF($M$2="09",SUMIF(Test!$D:$D,Rekap!D15,Test!$AK:$AK),IF($M$2="10",SUMIF(Test!$D:$D,Rekap!D15,Test!$AL:$AL),IF($M$2="11",SUMIF(Test!$D:$D,Rekap!D15,Test!$AM:$AM),IF($M$2="12",SUMIF(Test!$D:$D,Rekap!D15,Test!$AN:$AN),0)))))))))))) -> 3
A16: 10 | B16: =Absensi!B14 -> Gudang A | C16: =Absensi!C14 -> eri mutaqin | D16: =B16&C16 -> Gudang Aeri mutaqin | E16: =COUNTIFS(Absensi!$D14:$ND14,Rekap!E$6,Absensi!$D$2:$ND$2,$M$2) -> 0 | F16: =COUNTIFS(Absensi!$D14:$ND14,Rekap!F$6,Absensi!$D$2:$ND$2,$M$2) -> 2 | G16: =COUNTIFS(Absensi!$D14:$ND14,Rekap!G$6,Absensi!$D$2:$ND$2,$M$2) -> 0 | H16: =COUNTIFS(Absensi!$D14:$ND14,Rekap!H$6,Absensi!$D$2:$ND$2,$M$2) -> 0 | I16: =COUNTIFS(Absensi!$D14:$ND14,Rekap!I$6,Absensi!$D$2:$ND$2,$M$2) -> 0 | J16: =COUNTIFS(Absensi!$D14:$ND14,Rekap!J$6,Absensi!$D$2:$ND$2,$M$2) -> 0 | M16: =IF($M$2="01",SUMIF(Test!$D:$D,Rekap!D16,Test!$AC:$AC),IF($M$2="02",SUMIF(Test!$D:$D,Rekap!D16,Test!$AD:$AD),IF($M$2="03",SUMIF(Test!$D:$D,Rekap!D16,Test!$AE:$AE),IF($M$2="04",SUMIF(Test!$D:$D,Rekap!D16,Test!$AF:$AF),IF($M$2="05",SUMIF(Test!$D:$D,Rekap!D16,Test!$AG:$AG),IF($M$2="06",SUMIF(Test!$D:$D,Rekap!D16,Test!$AH:$AH),IF($M$2="07",SUMIF(Test!$D:$D,Rekap!D16,Test!$AI:$AI),IF($M$2="08",SUMIF(Test!$D:$D,Rekap!D16,Test!$AJ:$AJ),IF($M$2="09",SUMIF(Test!$D:$D,Rekap!D16,Test!$AK:$AK),IF($M$2="10",SUMIF(Test!$D:$D,Rekap!D16,Test!$AL:$AL),IF($M$2="11",SUMIF(Test!$D:$D,Rekap!D16,Test!$AM:$AM),IF($M$2="12",SUMIF(Test!$D:$D,Rekap!D16,Test!$AN:$AN),0)))))))))))) -> 5
A17: 11 | B17: =Absensi!B15 -> Gudang A | C17: =Absensi!C15 -> Fiqri Amirulloh Maulidan | D17: =B17&C17 -> Gudang AFiqri Amirulloh Maulidan | E17: =COUNTIFS(Absensi!$D15:$ND15,Rekap!E$6,Absensi!$D$2:$ND$2,$M$2) -> 0 | F17: =COUNTIFS(Absensi!$D15:$ND15,Rekap!F$6,Absensi!$D$2:$ND$2,$M$2) -> 0 | G17: =COUNTIFS(Absensi!$D15:$ND15,Rekap!G$6,Absensi!$D$2:$ND$2,$M$2) -> 0 | H17: =COUNTIFS(Absensi!$D15:$ND15,Rekap!H$6,Absensi!$D$2:$ND$2,$M$2) -> 0 | I17: =COUNTIFS(Absensi!$D15:$ND15,Rekap!I$6,Absensi!$D$2:$ND$2,$M$2) -> 0 | J17: =COUNTIFS(Absensi!$D15:$ND15,Rekap!J$6,Absensi!$D$2:$ND$2,$M$2) -> 0 | M17: =IF($M$2="01",SUMIF(Test!$D:$D,Rekap!D17,Test!$AC:$AC),IF($M$2="02",SUMIF(Test!$D:$D,Rekap!D17,Test!$AD:$AD),IF($M$2="03",SUMIF(Test!$D:$D,Rekap!D17,Test!$AE:$AE),IF($M$2="04",SUMIF(Test!$D:$D,Rekap!D17,Test!$AF:$AF),IF($M$2="05",SUMIF(Test!$D:$D,Rekap!D17,Test!$AG:$AG),IF($M$2="06",SUMIF(Test!$D:$D,Rekap!D17,Test!$AH:$AH),IF($M$2="07",SUMIF(Test!$D:$D,Rekap!D17,Test!$AI:$AI),IF($M$2="08",SUMIF(Test!$D:$D,Rekap!D17,Test!$AJ:$AJ),IF($M$2="09",SUMIF(Test!$D:$D,Rekap!D17,Test!$AK:$AK),IF($M$2="10",SUMIF(Test!$D:$D,Rekap!D17,Test!$AL:$AL),IF($M$2="11",SUMIF(Test!$D:$D,Rekap!D17,Test!$AM:$AM),IF($M$2="12",SUMIF(Test!$D:$D,Rekap!D17,Test!$AN:$AN),0)))))))))))) -> 9
A18: 12 | B18: =Absensi!B16 -> Gudang A | C18: =Absensi!C16 -> Jihan | D18: =B18&C18 -> Gudang AJihan | E18: =COUNTIFS(Absensi!$D16:$ND16,Rekap!E$6,Absensi!$D$2:$ND$2,$M$2) -> 0 | F18: =COUNTIFS(Absensi!$D16:$ND16,Rekap!F$6,Absensi!$D$2:$ND$2,$M$2) -> 0 | G18: =COUNTIFS(Absensi!$D16:$ND16,Rekap!G$6,Absensi!$D$2:$ND$2,$M$2) -> 0 | H18: =COUNTIFS(Absensi!$D16:$ND16,Rekap!H$6,Absensi!$D$2:$ND$2,$M$2) -> 0 | I18: =COUNTIFS(Absensi!$D16:$ND16,Rekap!I$6,Absensi!$D$2:$ND$2,$M$2) -> 0 | J18: =COUNTIFS(Absensi!$D16:$ND16,Rekap!J$6,Absensi!$D$2:$ND$2,$M$2) -> 0 | M18: =IF($M$2="01",SUMIF(Test!$D:$D,Rekap!D18,Test!$AC:$AC),IF($M$2="02",SUMIF(Test!$D:$D,Rekap!D18,Test!$AD:$AD),IF($M$2="03",SUMIF(Test!$D:$D,Rekap!D18,Test!$AE:$AE),IF($M$2="04",SUMIF(Test!$D:$D,Rekap!D18,Test!$AF:$AF),IF($M$2="05",SUMIF(Test!$D:$D,Rekap!D18,Test!$AG:$AG),IF($M$2="06",SUMIF(Test!$D:$D,Rekap!D18,Test!$AH:$AH),IF($M$2="07",SUMIF(Test!$D:$D,Rekap!D18,Test!$AI:$AI),IF($M$2="08",SUMIF(Test!$D:$D,Rekap!D18,Test!$AJ:$AJ),IF($M$2="09",SUMIF(Test!$D:$D,Rekap!D18,Test!$AK:$AK),IF($M$2="10",SUMIF(Test!$D:$D,Rekap!D18,Test!$AL:$AL),IF($M$2="11",SUMIF(Test!$D:$D,Rekap!D18,Test!$AM:$AM),IF($M$2="12",SUMIF(Test!$D:$D,Rekap!D18,Test!$AN:$AN),0)))))))))))) -> 9.5
... A107: 101 | B107: =Absensi!B105 -> Reef Plus | C107: =Absensi!C105 -> Indra | D107: =B107&C107 -> Reef PlusIndra | E107: =COUNTIFS(Absensi!$D105:$ND105,Rekap!E$6,Absensi!$D$2:$ND$2,$M$2) -> 0 | F107: =COUNTIFS(Absensi!$D105:$ND105,Rekap!F$6,Absensi!$D$2:$ND$2,$M$2) -> 1 | G107: =COUNTIFS(Absensi!$D105:$ND105,Rekap!G$6,Absensi!$D$2:$ND$2,$M$2) -> 0 | H107: =COUNTIFS(Absensi!$D105:$ND105,Rekap!H$6,Absensi!$D$2:$ND$2,$M$2) -> 0 | I107: =COUNTIFS(Absensi!$D105:$ND105,Rekap!I$6,Absensi!$D$2:$ND$2,$M$2) -> 0 | J107: =COUNTIFS(Absensi!$D105:$ND105,Rekap!J$6,Absensi!$D$2:$ND$2,$M$2) -> 0 | M107: =IF($M$2="01",SUMIF(Test!$D:$D,Rekap!D107,Test!$AC:$AC),IF($M$2="02",SUMIF(Test!$D:$D,Rekap!D107,Test!$AD:$AD),IF($M$2="03",SUMIF(Test!$D:$D,Rekap!D107,Test!$AE:$AE),IF($M$2="04",SUMIF(Test!$D:$D,Rekap!D107,Test!$AF:$AF),IF($M$2="05",SUMIF(Test!$D:$D,Rekap!D107,Test!$AG:$AG),IF($M$2="06",SUMIF(Test!$D:$D,Rekap!D107,Test!$AH:$AH),IF($M$2="07",SUMIF(Test!$D:$D,Rekap!D107,Test!$AI:$AI),IF($M$2="08",SUMIF(Test!$D:$D,Rekap!D107,Test!$AJ:$AJ),IF($M$2="09",SUMIF(Test!$D:$D,Rekap!D107,Test!$AK:$AK),IF($M$2="10",SUMIF(Test!$D:$D,Rekap!D107,Test!$AL:$AL),IF($M$2="11",SUMIF(Test!$D:$D,Rekap!D107,Test!$AM:$AM),IF($M$2="12",SUMIF(Test!$D:$D,Rekap!D107,Test!$AN:$AN),0)))))))))))) -> -6
A108: 102 | B108: =Absensi!B106 -> Reef Plus | C108: Agus | D108: =B108&C108 -> Reef PlusAgus | E108: =COUNTIFS(Absensi!$D106:$ND106,Rekap!E$6,Absensi!$D$2:$ND$2,$M$2) -> 0 | F108: =COUNTIFS(Absensi!$D106:$ND106,Rekap!F$6,Absensi!$D$2:$ND$2,$M$2) -> 0 | G108: =COUNTIFS(Absensi!$D106:$ND106,Rekap!G$6,Absensi!$D$2:$ND$2,$M$2) -> 0 | H108: =COUNTIFS(Absensi!$D106:$ND106,Rekap!H$6,Absensi!$D$2:$ND$2,$M$2) -> 0 | I108: =COUNTIFS(Absensi!$D106:$ND106,Rekap!I$6,Absensi!$D$2:$ND$2,$M$2) -> 0 | J108: =COUNTIFS(Absensi!$D106:$ND106,Rekap!J$6,Absensi!$D$2:$ND$2,$M$2) -> 0 | M108: =IF($M$2="01",SUMIF(Test!$D:$D,Rekap!D108,Test!$AC:$AC),IF($M$2="02",SUMIF(Test!$D:$D,Rekap!D108,Test!$AD:$AD),IF($M$2="03",SUMIF(Test!$D:$D,Rekap!D108,Test!$AE:$AE),IF($M$2="04",SUMIF(Test!$D:$D,Rekap!D108,Test!$AF:$AF),IF($M$2="05",SUMIF(Test!$D:$D,Rekap!D108,Test!$AG:$AG),IF($M$2="06",SUMIF(Test!$D:$D,Rekap!D108,Test!$AH:$AH),IF($M$2="07",SUMIF(Test!$D:$D,Rekap!D108,Test!$AI:$AI),IF($M$2="08",SUMIF(Test!$D:$D,Rekap!D108,Test!$AJ:$AJ),IF($M$2="09",SUMIF(Test!$D:$D,Rekap!D108,Test!$AK:$AK),IF($M$2="10",SUMIF(Test!$D:$D,Rekap!D108,Test!$AL:$AL),IF($M$2="11",SUMIF(Test!$D:$D,Rekap!D108,Test!$AM:$AM),IF($M$2="12",SUMIF(Test!$D:$D,Rekap!D108,Test!$AN:$AN),0)))))))))))) -> 0
A109: 103 | B109: =Absensi!B107 -> Kebayoran Lama | C109: =Absensi!C107 -> Edi Kuswanto | D109: =B109&C109 -> Kebayoran LamaEdi Kuswanto | E109: =COUNTIFS(Absensi!$D107:$ND107,Rekap!E$6,Absensi!$D$2:$ND$2,$M$2) -> 0 | F109: =COUNTIFS(Absensi!$D107:$ND107,Rekap!F$6,Absensi!$D$2:$ND$2,$M$2) -> 0 | G109: =COUNTIFS(Absensi!$D107:$ND107,Rekap!G$6,Absensi!$D$2:$ND$2,$M$2) -> 0 | H109: =COUNTIFS(Absensi!$D107:$ND107,Rekap!H$6,Absensi!$D$2:$ND$2,$M$2) -> 0 | I109: =COUNTIFS(Absensi!$D107:$ND107,Rekap!I$6,Absensi!$D$2:$ND$2,$M$2) -> 0 | J109: =COUNTIFS(Absensi!$D107:$ND107,Rekap!J$6,Absensi!$D$2:$ND$2,$M$2) -> 0 | M109: =IF($M$2="01",SUMIF(Test!$D:$D,Rekap!D109,Test!$AC:$AC),IF($M$2="02",SUMIF(Test!$D:$D,Rekap!D109,Test!$AD:$AD),IF($M$2="03",SUMIF(Test!$D:$D,Rekap!D109,Test!$AE:$AE),IF($M$2="04",SUMIF(Test!$D:$D,Rekap!D109,Test!$AF:$AF),IF($M$2="05",SUMIF(Test!$D:$D,Rekap!D109,Test!$AG:$AG),IF($M$2="06",SUMIF(Test!$D:$D,Rekap!D109,Test!$AH:$AH),IF($M$2="07",SUMIF(Test!$D:$D,Rekap!D109,Test!$AI:$AI),IF($M$2="08",SUMIF(Test!$D:$D,Rekap!D109,Test!$AJ:$AJ),IF($M$2="09",SUMIF(Test!$D:$D,Rekap!D109,Test!$AK:$AK),IF($M$2="10",SUMIF(Test!$D:$D,Rekap!D109,Test!$AL:$AL),IF($M$2="11",SUMIF(Test!$D:$D,Rekap!D109,Test!$AM:$AM),IF($M$2="12",SUMIF(Test!$D:$D,Rekap!D109,Test!$AN:$AN),0)))))))))))) -> 12
A110: 104 | B110: =Absensi!B108 -> Kebayoran Lama | C110: =Absensi!C108 -> Iwan hendrawan | D110: =B110&C110 -> Kebayoran LamaIwan hendrawan | E110: =COUNTIFS(Absensi!$D108:$ND108,Rekap!E$6,Absensi!$D$2:$ND$2,$M$2) -> 0 | F110: =COUNTIFS(Absensi!$D108:$ND108,Rekap!F$6,Absensi!$D$2:$ND$2,$M$2) -> 0 | G110: =COUNTIFS(Absensi!$D108:$ND108,Rekap!G$6,Absensi!$D$2:$ND$2,$M$2) -> 0 | H110: =COUNTIFS(Absensi!$D108:$ND108,Rekap!H$6,Absensi!$D$2:$ND$2,$M$2) -> 0 | I110: =COUNTIFS(Absensi!$D108:$ND108,Rekap!I$6,Absensi!$D$2:$ND$2,$M$2) -> 0 | J110: =COUNTIFS(Absensi!$D108:$ND108,Rekap!J$6,Absensi!$D$2:$ND$2,$M$2) -> 0 | M110: =IF($M$2="01",SUMIF(Test!$D:$D,Rekap!D110,Test!$AC:$AC),IF($M$2="02",SUMIF(Test!$D:$D,Rekap!D110,Test!$AD:$AD),IF($M$2="03",SUMIF(Test!$D:$D,Rekap!D110,Test!$AE:$AE),IF($M$2="04",SUMIF(Test!$D:$D,Rekap!D110,Test!$AF:$AF),IF($M$2="05",SUMIF(Test!$D:$D,Rekap!D110,Test!$AG:$AG),IF($M$2="06",SUMIF(Test!$D:$D,Rekap!D110,Test!$AH:$AH),IF($M$2="07",SUMIF(Test!$D:$D,Rekap!D110,Test!$AI:$AI),IF($M$2="08",SUMIF(Test!$D:$D,Rekap!D110,Test!$AJ:$AJ),IF($M$2="09",SUMIF(Test!$D:$D,Rekap!D110,Test!$AK:$AK),IF($M$2="10",SUMIF(Test!$D:$D,Rekap!D110,Test!$AL:$AL),IF($M$2="11",SUMIF(Test!$D:$D,Rekap!D110,Test!$AM:$AM),IF($M$2="12",SUMIF(Test!$D:$D,Rekap!D110,Test!$AN:$AN),0)))))))))))) -> 9
A111: 105 | B111: =Absensi!B109 -> Kebayoran Lama | C111: =Absensi!C109 -> Tri saraswati | D111: =B111&C111 -> Kebayoran LamaTri saraswati | E111: =COUNTIFS(Absensi!$D109:$ND109,Rekap!E$6,Absensi!$D$2:$ND$2,$M$2) -> 0 | F111: =COUNTIFS(Absensi!$D109:$ND109,Rekap!F$6,Absensi!$D$2:$ND$2,$M$2) -> 0 | G111: =COUNTIFS(Absensi!$D109:$ND109,Rekap!G$6,Absensi!$D$2:$ND$2,$M$2) -> 0 | H111: =COUNTIFS(Absensi!$D109:$ND109,Rekap!H$6,Absensi!$D$2:$ND$2,$M$2) -> 0 | I111: =COUNTIFS(Absensi!$D109:$ND109,Rekap!I$6,Absensi!$D$2:$ND$2,$M$2) -> 0 | J111: =COUNTIFS(Absensi!$D109:$ND109,Rekap!J$6,Absensi!$D$2:$ND$2,$M$2) -> 0 | M111: =IF($M$2="01",SUMIF(Test!$D:$D,Rekap!D111,Test!$AC:$AC),IF($M$2="02",SUMIF(Test!$D:$D,Rekap!D111,Test!$AD:$AD),IF($M$2="03",SUMIF(Test!$D:$D,Rekap!D111,Test!$AE:$AE),IF($M$2="04",SUMIF(Test!$D:$D,Rekap!D111,Test!$AF:$AF),IF($M$2="05",SUMIF(Test!$D:$D,Rekap!D111,Test!$AG:$AG),IF($M$2="06",SUMIF(Test!$D:$D,Rekap!D111,Test!$AH:$AH),IF($M$2="07",SUMIF(Test!$D:$D,Rekap!D111,Test!$AI:$AI),IF($M$2="08",SUMIF(Test!$D:$D,Rekap!D111,Test!$AJ:$AJ),IF($M$2="09",SUMIF(Test!$D:$D,Rekap!D111,Test!$AK:$AK),IF($M$2="10",SUMIF(Test!$D:$D,Rekap!D111,Test!$AL:$AL),IF($M$2="11",SUMIF(Test!$D:$D,Rekap!D111,Test!$AM:$AM),IF($M$2="12",SUMIF(Test!$D:$D,Rekap!D111,Test!$AN:$AN),0)))))))))))) -> 9.5
A112: 106 | B112: =Absensi!B110 -> Kebayoran Lama | C112: =Absensi!C110 -> Realita riandy | D112: =B112&C112 -> Kebayoran LamaRealita riandy | E112: =COUNTIFS(Absensi!$D110:$ND110,Rekap!E$6,Absensi!$D$2:$ND$2,$M$2) -> 0 | F112: =COUNTIFS(Absensi!$D110:$ND110,Rekap!F$6,Absensi!$D$2:$ND$2,$M$2) -> 1 | G112: =COUNTIFS(Absensi!$D110:$ND110,Rekap!G$6,Absensi!$D$2:$ND$2,$M$2) -> 0 | H112: =COUNTIFS(Absensi!$D110:$ND110,Rekap!H$6,Absensi!$D$2:$ND$2,$M$2) -> 0 | I112: =COUNTIFS(Absensi!$D110:$ND110,Rekap!I$6,Absensi!$D$2:$ND$2,$M$2) -> 0 | J112: =COUNTIFS(Absensi!$D110:$ND110,Rekap!J$6,Absensi!$D$2:$ND$2,$M$2) -> 0 | M112: =IF($M$2="01",SUMIF(Test!$D:$D,Rekap!D112,Test!$AC:$AC),IF($M$2="02",SUMIF(Test!$D:$D,Rekap!D112,Test!$AD:$AD),IF($M$2="03",SUMIF(Test!$D:$D,Rekap!D112,Test!$AE:$AE),IF($M$2="04",SUMIF(Test!$D:$D,Rekap!D112,Test!$AF:$AF),IF($M$2="05",SUMIF(Test!$D:$D,Rekap!D112,Test!$AG:$AG),IF($M$2="06",SUMIF(Test!$D:$D,Rekap!D112,Test!$AH:$AH),IF($M$2="07",SUMIF(Test!$D:$D,Rekap!D112,Test!$AI:$AI),IF($M$2="08",SUMIF(Test!$D:$D,Rekap!D112,Test!$AJ:$AJ),IF($M$2="09",SUMIF(Test!$D:$D,Rekap!D112,Test!$AK:$AK),IF($M$2="10",SUMIF(Test!$D:$D,Rekap!D112,Test!$AL:$AL),IF($M$2="11",SUMIF(Test!$D:$D,Rekap!D112,Test!$AM:$AM),IF($M$2="12",SUMIF(Test!$D:$D,Rekap!D112,Test!$AN:$AN),0)))))))))))) -> 4
A113: 107 | B113: =Absensi!B111 -> Fishroom | C113: =Absensi!C111 -> Supandi | D113: =B113&C113 -> FishroomSupandi | E113: =COUNTIFS(Absensi!$D111:$ND111,Rekap!E$6,Absensi!$D$2:$ND$2,$M$2) -> 0 | F113: =COUNTIFS(Absensi!$D111:$ND111,Rekap!F$6,Absensi!$D$2:$ND$2,$M$2) -> 0 | G113: =COUNTIFS(Absensi!$D111:$ND111,Rekap!G$6,Absensi!$D$2:$ND$2,$M$2) -> 0 | H113: =COUNTIFS(Absensi!$D111:$ND111,Rekap!H$6,Absensi!$D$2:$ND$2,$M$2) -> 0 | I113: =COUNTIFS(Absensi!$D111:$ND111,Rekap!I$6,Absensi!$D$2:$ND$2,$M$2) -> 0 | J113: =COUNTIFS(Absensi!$D111:$ND111,Rekap!J$6,Absensi!$D$2:$ND$2,$M$2) -> 0 | M113: =IF($M$2="01",SUMIF(Test!$D:$D,Rekap!D113,Test!$AC:$AC),IF($M$2="02",SUMIF(Test!$D:$D,Rekap!D113,Test!$AD:$AD),IF($M$2="03",SUMIF(Test!$D:$D,Rekap!D113,Test!$AE:$AE),IF($M$2="04",SUMIF(Test!$D:$D,Rekap!D113,Test!$AF:$AF),IF($M$2="05",SUMIF(Test!$D:$D,Rekap!D113,Test!$AG:$AG),IF($M$2="06",SUMIF(Test!$D:$D,Rekap!D113,Test!$AH:$AH),IF($M$2="07",SUMIF(Test!$D:$D,Rekap!D113,Test!$AI:$AI),IF($M$2="08",SUMIF(Test!$D:$D,Rekap!D113,Test!$AJ:$AJ),IF($M$2="09",SUMIF(Test!$D:$D,Rekap!D113,Test!$AK:$AK),IF($M$2="10",SUMIF(Test!$D:$D,Rekap!D113,Test!$AL:$AL),IF($M$2="11",SUMIF(Test!$D:$D,Rekap!D113,Test!$AM:$AM),IF($M$2="12",SUMIF(Test!$D:$D,Rekap!D113,Test!$AN:$AN),0)))))))))))) -> -15
A114: 108 | B114: =Absensi!B112 -> Kebayoran Lama | C114: =Absensi!C112 -> Dedi Cahyanto | D114: =B114&C114 -> Kebayoran LamaDedi Cahyanto | E114: =COUNTIFS(Absensi!$D112:$ND112,Rekap!E$6,Absensi!$D$2:$ND$2,$M$2) -> 0 | F114: =COUNTIFS(Absensi!$D112:$ND112,Rekap!F$6,Absensi!$D$2:$ND$2,$M$2) -> 0 | G114: =COUNTIFS(Absensi!$D112:$ND112,Rekap!G$6,Absensi!$D$2:$ND$2,$M$2) -> 0 | H114: =COUNTIFS(Absensi!$D112:$ND112,Rekap!H$6,Absensi!$D$2:$ND$2,$M$2) -> 0 | I114: =COUNTIFS(Absensi!$D112:$ND112,Rekap!I$6,Absensi!$D$2:$ND$2,$M$2) -> 0 | J114: =COUNTIFS(Absensi!$D112:$ND112,Rekap!J$6,Absensi!$D$2:$ND$2,$M$2) -> 0 | M114: =IF($M$2="01",SUMIF(Test!$D:$D,Rekap!D114,Test!$AC:$AC),IF($M$2="02",SUMIF(Test!$D:$D,Rekap!D114,Test!$AD:$AD),IF($M$2="03",SUMIF(Test!$D:$D,Rekap!D114,Test!$AE:$AE),IF($M$2="04",SUMIF(Test!$D:$D,Rekap!D114,Test!$AF:$AF),IF($M$2="05",SUMIF(Test!$D:$D,Rekap!D114,Test!$AG:$AG),IF($M$2="06",SUMIF(Test!$D:$D,Rekap!D114,Test!$AH:$AH),IF($M$2="07",SUMIF(Test!$D:$D,Rekap!D114,Test!$AI:$AI),IF($M$2="08",SUMIF(Test!$D:$D,Rekap!D114,Test!$AJ:$AJ),IF($M$2="09",SUMIF(Test!$D:$D,Rekap!D114,Test!$AK:$AK),IF($M$2="10",SUMIF(Test!$D:$D,Rekap!D114,Test!$AL:$AL),IF($M$2="11",SUMIF(Test!$D:$D,Rekap!D114,Test!$AM:$AM),IF($M$2="12",SUMIF(Test!$D:$D,Rekap!D114,Test!$AN:$AN),0)))))))))))) -> 8
A115: 109 | B115: =Absensi!B113 -> Kebayoran Lama | C115: =Absensi!C113 -> Yulita Fajarini | D115: =B115&C115 -> Kebayoran LamaYulita Fajarini | E115: =COUNTIFS(Absensi!$D113:$ND113,Rekap!E$6,Absensi!$D$2:$ND$2,$M$2) -> 0 | F115: =COUNTIFS(Absensi!$D113:$ND113,Rekap!F$6,Absensi!$D$2:$ND$2,$M$2) -> 0 | G115: =COUNTIFS(Absensi!$D113:$ND113,Rekap!G$6,Absensi!$D$2:$ND$2,$M$2) -> 0 | H115: =COUNTIFS(Absensi!$D113:$ND113,Rekap!H$6,Absensi!$D$2:$ND$2,$M$2) -> 0 | I115: =COUNTIFS(Absensi!$D113:$ND113,Rekap!I$6,Absensi!$D$2:$ND$2,$M$2) -> 0 | J115: =COUNTIFS(Absensi!$D113:$ND113,Rekap!J$6,Absensi!$D$2:$ND$2,$M$2) -> 0 | M115: =IF($M$2="01",SUMIF(Test!$D:$D,Rekap!D115,Test!$AC:$AC),IF($M$2="02",SUMIF(Test!$D:$D,Rekap!D115,Test!$AD:$AD),IF($M$2="03",SUMIF(Test!$D:$D,Rekap!D115,Test!$AE:$AE),IF($M$2="04",SUMIF(Test!$D:$D,Rekap!D115,Test!$AF:$AF),IF($M$2="05",SUMIF(Test!$D:$D,Rekap!D115,Test!$AG:$AG),IF($M$2="06",SUMIF(Test!$D:$D,Rekap!D115,Test!$AH:$AH),IF($M$2="07",SUMIF(Test!$D:$D,Rekap!D115,Test!$AI:$AI),IF($M$2="08",SUMIF(Test!$D:$D,Rekap!D115,Test!$AJ:$AJ),IF($M$2="09",SUMIF(Test!$D:$D,Rekap!D115,Test!$AK:$AK),IF($M$2="10",SUMIF(Test!$D:$D,Rekap!D115,Test!$AL:$AL),IF($M$2="11",SUMIF(Test!$D:$D,Rekap!D115,Test!$AM:$AM),IF($M$2="12",SUMIF(Test!$D:$D,Rekap!D115,Test!$AN:$AN),0)))))))))))) -> 9
A116: 110 | B116: =Absensi!B114 -> Kebayoran Lama | C116: =Absensi!C114 -> Heru Yanuarto | D116: =B116&C116 -> Kebayoran LamaHeru Yanuarto | E116: =COUNTIFS(Absensi!$D114:$ND114,Rekap!E$6,Absensi!$D$2:$ND$2,$M$2) -> 0 | F116: =COUNTIFS(Absensi!$D114:$ND114,Rekap!F$6,Absensi!$D$2:$ND$2,$M$2) -> 0 | G116: =COUNTIFS(Absensi!$D114:$ND114,Rekap!G$6,Absensi!$D$2:$ND$2,$M$2) -> 0 | H116: =COUNTIFS(Absensi!$D114:$ND114,Rekap!H$6,Absensi!$D$2:$ND$2,$M$2) -> 0 | I116: =COUNTIFS(Absensi!$D114:$ND114,Rekap!I$6,Absensi!$D$2:$ND$2,$M$2) -> 0 | J116: =COUNTIFS(Absensi!$D114:$ND114,Rekap!J$6,Absensi!$D$2:$ND$2,$M$2) -> 0 | M116: =IF($M$2="01",SUMIF(Test!$D:$D,Rekap!D116,Test!$AC:$AC),IF($M$2="02",SUMIF(Test!$D:$D,Rekap!D116,Test!$AD:$AD),IF($M$2="03",SUMIF(Test!$D:$D,Rekap!D116,Test!$AE:$AE),IF($M$2="04",SUMIF(Test!$D:$D,Rekap!D116,Test!$AF:$AF),IF($M$2="05",SUMIF(Test!$D:$D,Rekap!D116,Test!$AG:$AG),IF($M$2="06",SUMIF(Test!$D:$D,Rekap!D116,Test!$AH:$AH),IF($M$2="07",SUMIF(Test!$D:$D,Rekap!D116,Test!$AI:$AI),IF($M$2="08",SUMIF(Test!$D:$D,Rekap!D116,Test!$AJ:$AJ),IF($M$2="09",SUMIF(Test!$D:$D,Rekap!D116,Test!$AK:$AK),IF($M$2="10",SUMIF(Test!$D:$D,Rekap!D116,Test!$AL:$AL),IF($M$2="11",SUMIF(Test!$D:$D,Rekap!D116,Test!$AM:$AM),IF($M$2="12",SUMIF(Test!$D:$D,Rekap!D116,Test!$AN:$AN),0)))))))))))) -> 4
A117: 111 | B117: =Absensi!B115 -> Kebayoran Lama | C117: =Absensi!C115 -> Diki Mahendra | D117: =B117&C117 -> Kebayoran LamaDiki Mahendra | E117: =COUNTIFS(Absensi!$D115:$ND115,Rekap!E$6,Absensi!$D$2:$ND$2,$M$2) -> 0 | F117: =COUNTIFS(Absensi!$D115:$ND115,Rekap!F$6,Absensi!$D$2:$ND$2,$M$2) -> 1 | G117: =COUNTIFS(Absensi!$D115:$ND115,Rekap!G$6,Absensi!$D$2:$ND$2,$M$2) -> 0 | H117: =COUNTIFS(Absensi!$D115:$ND115,Rekap!H$6,Absensi!$D$2:$ND$2,$M$2) -> 0 | I117: =COUNTIFS(Absensi!$D115:$ND115,Rekap!I$6,Absensi!$D$2:$ND$2,$M$2) -> 0 | J117: =COUNTIFS(Absensi!$D115:$ND115,Rekap!J$6,Absensi!$D$2:$ND$2,$M$2) -> 0 | M117: =IF($M$2="01",SUMIF(Test!$D:$D,Rekap!D117,Test!$AC:$AC),IF($M$2="02",SUMIF(Test!$D:$D,Rekap!D117,Test!$AD:$AD),IF($M$2="03",SUMIF(Test!$D:$D,Rekap!D117,Test!$AE:$AE),IF($M$2="04",SUMIF(Test!$D:$D,Rekap!D117,Test!$AF:$AF),IF($M$2="05",SUMIF(Test!$D:$D,Rekap!D117,Test!$AG:$AG),IF($M$2="06",SUMIF(Test!$D:$D,Rekap!D117,Test!$AH:$AH),IF($M$2="07",SUMIF(Test!$D:$D,Rekap!D117,Test!$AI:$AI),IF($M$2="08",SUMIF(Test!$D:$D,Rekap!D117,Test!$AJ:$AJ),IF($M$2="09",SUMIF(Test!$D:$D,Rekap!D117,Test!$AK:$AK),IF($M$2="10",SUMIF(Test!$D:$D,Rekap!D117,Test!$AL:$AL),IF($M$2="11",SUMIF(Test!$D:$D,Rekap!D117,Test!$AM:$AM),IF($M$2="12",SUMIF(Test!$D:$D,Rekap!D117,Test!$AN:$AN),0)))))))))))) -> 7
A118: 112 | B118: =Absensi!B116 -> Kebayoran Lama | C118: =Absensi!C116 -> Harry | D118: =B118&C118 -> Kebayoran LamaHarry | E118: =COUNTIFS(Absensi!$D116:$ND116,Rekap!E$6,Absensi!$D$2:$ND$2,$M$2) -> 0 | F118: =COUNTIFS(Absensi!$D116:$ND116,Rekap!F$6,Absensi!$D$2:$ND$2,$M$2) -> 1 | G118: =COUNTIFS(Absensi!$D116:$ND116,Rekap!G$6,Absensi!$D$2:$ND$2,$M$2) -> 0 | H118: =COUNTIFS(Absensi!$D116:$ND116,Rekap!H$6,Absensi!$D$2:$ND$2,$M$2) -> 0 | I118: =COUNTIFS(Absensi!$D116:$ND116,Rekap!I$6,Absensi!$D$2:$ND$2,$M$2) -> 0 | J118: =COUNTIFS(Absensi!$D116:$ND116,Rekap!J$6,Absensi!$D$2:$ND$2,$M$2) -> 0 | M118: =IF($M$2="01",SUMIF(Test!$D:$D,Rekap!D118,Test!$AC:$AC),IF($M$2="02",SUMIF(Test!$D:$D,Rekap!D118,Test!$AD:$AD),IF($M$2="03",SUMIF(Test!$D:$D,Rekap!D118,Test!$AE:$AE),IF($M$2="04",SUMIF(Test!$D:$D,Rekap!D118,Test!$AF:$AF),IF($M$2="05",SUMIF(Test!$D:$D,Rekap!D118,Test!$AG:$AG),IF($M$2="06",SUMIF(Test!$D:$D,Rekap!D118,Test!$AH:$AH),IF($M$2="07",SUMIF(Test!$D:$D,Rekap!D118,Test!$AI:$AI),IF($M$2="08",SUMIF(Test!$D:$D,Rekap!D118,Test!$AJ:$AJ),IF($M$2="09",SUMIF(Test!$D:$D,Rekap!D118,Test!$AK:$AK),IF($M$2="10",SUMIF(Test!$D:$D,Rekap!D118,Test!$AL:$AL),IF($M$2="11",SUMIF(Test!$D:$D,Rekap!D118,Test!$AM:$AM),IF($M$2="12",SUMIF(Test!$D:$D,Rekap!D118,Test!$AN:$AN),0)))))))))))) -> 9
A119: 113 | B119: =Absensi!B117 -> Kebayoran Lama | C119: =Absensi!C117 -> Shella Septiyadis | D119: =B119&C119 -> Kebayoran LamaShella Septiyadis | E119: =COUNTIFS(Absensi!$D117:$ND117,Rekap!E$6,Absensi!$D$2:$ND$2,$M$2) -> 0 | F119: =COUNTIFS(Absensi!$D117:$ND117,Rekap!F$6,Absensi!$D$2:$ND$2,$M$2) -> 0 | G119: =COUNTIFS(Absensi!$D117:$ND117,Rekap!G$6,Absensi!$D$2:$ND$2,$M$2) -> 0 | H119: =COUNTIFS(Absensi!$D117:$ND117,Rekap!H$6,Absensi!$D$2:$ND$2,$M$2) -> 0 | I119: =COUNTIFS(Absensi!$D117:$ND117,Rekap!I$6,Absensi!$D$2:$ND$2,$M$2) -> 0 | J119: =COUNTIFS(Absensi!$D117:$ND117,Rekap!J$6,Absensi!$D$2:$ND$2,$M$2) -> 0 | M119: =IF($M$2="01",SUMIF(Test!$D:$D,Rekap!D119,Test!$AC:$AC),IF($M$2="02",SUMIF(Test!$D:$D,Rekap!D119,Test!$AD:$AD),IF($M$2="03",SUMIF(Test!$D:$D,Rekap!D119,Test!$AE:$AE),IF($M$2="04",SUMIF(Test!$D:$D,Rekap!D119,Test!$AF:$AF),IF($M$2="05",SUMIF(Test!$D:$D,Rekap!D119,Test!$AG:$AG),IF($M$2="06",SUMIF(Test!$D:$D,Rekap!D119,Test!$AH:$AH),IF($M$2="07",SUMIF(Test!$D:$D,Rekap!D119,Test!$AI:$AI),IF($M$2="08",SUMIF(Test!$D:$D,Rekap!D119,Test!$AJ:$AJ),IF($M$2="09",SUMIF(Test!$D:$D,Rekap!D119,Test!$AK:$AK),IF($M$2="10",SUMIF(Test!$D:$D,Rekap!D119,Test!$AL:$AL),IF($M$2="11",SUMIF(Test!$D:$D,Rekap!D119,Test!$AM:$AM),IF($M$2="12",SUMIF(Test!$D:$D,Rekap!D119,Test!$AN:$AN),0)))))))))))) -> 10
A120: 114 | B120: =Absensi!B118 -> Fishroom | C120: =Absensi!C118 -> Sri Fuji Astuti | D120: =B120&C120 -> FishroomSri Fuji Astuti | E120: =COUNTIFS(Absensi!$D118:$ND118,Rekap!E$6,Absensi!$D$2:$ND$2,$M$2) -> 0 | F120: =COUNTIFS(Absensi!$D118:$ND118,Rekap!F$6,Absensi!$D$2:$ND$2,$M$2) -> 1 | G120: =COUNTIFS(Absensi!$D118:$ND118,Rekap!G$6,Absensi!$D$2:$ND$2,$M$2) -> 0 | H120: =COUNTIFS(Absensi!$D118:$ND118,Rekap!H$6,Absensi!$D$2:$ND$2,$M$2) -> 0 | I120: =COUNTIFS(Absensi!$D118:$ND118,Rekap!I$6,Absensi!$D$2:$ND$2,$M$2) -> 0 | J120: =COUNTIFS(Absensi!$D118:$ND118,Rekap!J$6,Absensi!$D$2:$ND$2,$M$2) -> 0 | M120: =IF($M$2="01",SUMIF(Test!$D:$D,Rekap!D120,Test!$AC:$AC),IF($M$2="02",SUMIF(Test!$D:$D,Rekap!D120,Test!$AD:$AD),IF($M$2="03",SUMIF(Test!$D:$D,Rekap!D120,Test!$AE:$AE),IF($M$2="04",SUMIF(Test!$D:$D,Rekap!D120,Test!$AF:$AF),IF($M$2="05",SUMIF(Test!$D:$D,Rekap!D120,Test!$AG:$AG),IF($M$2="06",SUMIF(Test!$D:$D,Rekap!D120,Test!$AH:$AH),IF($M$2="07",SUMIF(Test!$D:$D,Rekap!D120,Test!$AI:$AI),IF($M$2="08",SUMIF(Test!$D:$D,Rekap!D120,Test!$AJ:$AJ),IF($M$2="09",SUMIF(Test!$D:$D,Rekap!D120,Test!$AK:$AK),IF($M$2="10",SUMIF(Test!$D:$D,Rekap!D120,Test!$AL:$AL),IF($M$2="11",SUMIF(Test!$D:$D,Rekap!D120,Test!$AM:$AM),IF($M$2="12",SUMIF(Test!$D:$D,Rekap!D120,Test!$AN:$AN),0)))))))))))) -> 4
... A148: 142 | B148: =Absensi!B146 -> Bandung | C148: =Absensi!C146 -> Rahman Zaenal | D148: =B148&C148 -> BandungRahman Zaenal | E148: =COUNTIFS(Absensi!$D146:$ND146,Rekap!E$6,Absensi!$D$2:$ND$2,$M$2) -> 0 | F148: =COUNTIFS(Absensi!$D146:$ND146,Rekap!F$6,Absensi!$D$2:$ND$2,$M$2) -> 0 | G148: =COUNTIFS(Absensi!$D146:$ND146,Rekap!G$6,Absensi!$D$2:$ND$2,$M$2) -> 0 | H148: =COUNTIFS(Absensi!$D146:$ND146,Rekap!H$6,Absensi!$D$2:$ND$2,$M$2) -> 0 | I148: =COUNTIFS(Absensi!$D146:$ND146,Rekap!I$6,Absensi!$D$2:$ND$2,$M$2) -> 0 | J148: =COUNTIFS(Absensi!$D146:$ND146,Rekap!J$6,Absensi!$D$2:$ND$2,$M$2) -> 0 | M148: =IF($M$2="01",SUMIF(Test!$D:$D,Rekap!D148,Test!$AC:$AC),IF($M$2="02",SUMIF(Test!$D:$D,Rekap!D148,Test!$AD:$AD),IF($M$2="03",SUMIF(Test!$D:$D,Rekap!D148,Test!$AE:$AE),IF($M$2="04",SUMIF(Test!$D:$D,Rekap!D148,Test!$AF:$AF),IF($M$2="05",SUMIF(Test!$D:$D,Rekap!D148,Test!$AG:$AG),IF($M$2="06",SUMIF(Test!$D:$D,Rekap!D148,Test!$AH:$AH),IF($M$2="07",SUMIF(Test!$D:$D,Rekap!D148,Test!$AI:$AI),IF($M$2="08",SUMIF(Test!$D:$D,Rekap!D148,Test!$AJ:$AJ),IF($M$2="09",SUMIF(Test!$D:$D,Rekap!D148,Test!$AK:$AK),IF($M$2="10",SUMIF(Test!$D:$D,Rekap!D148,Test!$AL:$AL),IF($M$2="11",SUMIF(Test!$D:$D,Rekap!D148,Test!$AM:$AM),IF($M$2="12",SUMIF(Test!$D:$D,Rekap!D148,Test!$AN:$AN),0)))))))))))) -> 7
A149: 143 | B149: Set Up | C149: Iwa Kartiwa | D149: =B149&C149 -> Set UpIwa Kartiwa | E149: =COUNTIFS(Absensi!$D147:$ND147,Rekap!E$6,Absensi!$D$2:$ND$2,$M$2) -> 0 | F149: =COUNTIFS(Absensi!$D147:$ND147,Rekap!F$6,Absensi!$D$2:$ND$2,$M$2) -> 0 | G149: =COUNTIFS(Absensi!$D147:$ND147,Rekap!G$6,Absensi!$D$2:$ND$2,$M$2) -> 0 | H149: =COUNTIFS(Absensi!$D147:$ND147,Rekap!H$6,Absensi!$D$2:$ND$2,$M$2) -> 0 | I149: =COUNTIFS(Absensi!$D147:$ND147,Rekap!I$6,Absensi!$D$2:$ND$2,$M$2) -> 0 | J149: =COUNTIFS(Absensi!$D147:$ND147,Rekap!J$6,Absensi!$D$2:$ND$2,$M$2) -> 0 | M149: =IF($M$2="01",SUMIF(Test!$D:$D,Rekap!D149,Test!$AC:$AC),IF($M$2="02",SUMIF(Test!$D:$D,Rekap!D149,Test!$AD:$AD),IF($M$2="03",SUMIF(Test!$D:$D,Rekap!D149,Test!$AE:$AE),IF($M$2="04",SUMIF(Test!$D:$D,Rekap!D149,Test!$AF:$AF),IF($M$2="05",SUMIF(Test!$D:$D,Rekap!D149,Test!$AG:$AG),IF($M$2="06",SUMIF(Test!$D:$D,Rekap!D149,Test!$AH:$AH),IF($M$2="07",SUMIF(Test!$D:$D,Rekap!D149,Test!$AI:$AI),IF($M$2="08",SUMIF(Test!$D:$D,Rekap!D149,Test!$AJ:$AJ),IF($M$2="09",SUMIF(Test!$D:$D,Rekap!D149,Test!$AK:$AK),IF($M$2="10",SUMIF(Test!$D:$D,Rekap!D149,Test!$AL:$AL),IF($M$2="11",SUMIF(Test!$D:$D,Rekap!D149,Test!$AM:$AM),IF($M$2="12",SUMIF(Test!$D:$D,Rekap!D149,Test!$AN:$AN),0)))))))))))) -> 7
A150: 144 | B150: Bandung | C150: Ibnu Gilang Sasongko | D150: =B150&C150 -> BandungIbnu Gilang Sasongko | E150: =COUNTIFS(Absensi!$D148:$ND148,Rekap!E$6,Absensi!$D$2:$ND$2,$M$2) -> 0 | F150: =COUNTIFS(Absensi!$D148:$ND148,Rekap!F$6,Absensi!$D$2:$ND$2,$M$2) -> 0 | G150: =COUNTIFS(Absensi!$D148:$ND148,Rekap!G$6,Absensi!$D$2:$ND$2,$M$2) -> 0 | H150: =COUNTIFS(Absensi!$D148:$ND148,Rekap!H$6,Absensi!$D$2:$ND$2,$M$2) -> 0 | I150: =COUNTIFS(Absensi!$D148:$ND148,Rekap!I$6,Absensi!$D$2:$ND$2,$M$2) -> 0 | J150: =COUNTIFS(Absensi!$D148:$ND148,Rekap!J$6,Absensi!$D$2:$ND$2,$M$2) -> 0 | M150: =IF($M$2="01",SUMIF(Test!$D:$D,Rekap!D150,Test!$AC:$AC),IF($M$2="02",SUMIF(Test!$D:$D,Rekap!D150,Test!$AD:$AD),IF($M$2="03",SUMIF(Test!$D:$D,Rekap!D150,Test!$AE:$AE),IF($M$2="04",SUMIF(Test!$D:$D,Rekap!D150,Test!$AF:$AF),IF($M$2="05",SUMIF(Test!$D:$D,Rekap!D150,Test!$AG:$AG),IF($M$2="06",SUMIF(Test!$D:$D,Rekap!D150,Test!$AH:$AH),IF($M$2="07",SUMIF(Test!$D:$D,Rekap!D150,Test!$AI:$AI),IF($M$2="08",SUMIF(Test!$D:$D,Rekap!D150,Test!$AJ:$AJ),IF($M$2="09",SUMIF(Test!$D:$D,Rekap!D150,Test!$AK:$AK),IF($M$2="10",SUMIF(Test!$D:$D,Rekap!D150,Test!$AL:$AL),IF($M$2="11",SUMIF(Test!$D:$D,Rekap!D150,Test!$AM:$AM),IF($M$2="12",SUMIF(Test!$D:$D,Rekap!D150,Test!$AN:$AN),0)))))))))))) -> 0
D151: =B151&C151
D152: =B152&C152
D153: =B153&C153
D154: =B154&C154
D155: =B155&C155
D156: =B156&C156
A157: batas | B157: batas | C157: batas | D157: batas | E157: batas | F157: batas | G157: batas | H157: batas | I157: batas | J157: batas | K157: batas | L157: batas

Sheet Setting
A1: Kode | B1: Keterangan | D1: Bulan | E1: Kode | G1: Tanggal Merah | H1: Hari | I1: Event
A2: H | B2: Hadir | D2: Januari | E2: 01 | G2: 46023 | H2: Kamis | I2: Tahun Baru Masehi
A3: S | B3: Sakit | D3: Februari | E3: 02 | G3: 46038 | H3: Jumat | I3: Isra Mikraj Nabi Muhammad SAW
A4: C | B4: Cuti | D4: Maret | E4: 03 | G4: 46070 | H4: Selasa | I4: Tahun Baru Imlek
A5: T | B5: Terlambat | D5: April | E5: 04 | G5: 46100 | H5: Kamis | I5: Nyepi
A6: KP | B6: Keluar pagi | D6: Mei | E6: 05 | G6: 46102 | H6: Sabtu | I6: Idul Fitri
A7: CS | B7: Cuti Setengah Hari | D7: Juni | E7: 06 | G7: 46103 | H7: Minggu | I7: Idul Fitri
D8: Juli | E8: 07 | G8: 46115 | H8: Jumat | I8: Wafat Yesus Kristus
D9: Agustus | E9: 08 | G9: 46117 | H9: Minggu | I9: Kebangkitan Yesus Kristus (Paskah)
D10: September | E10: 09 | G10: 46143 | H10: Jumat | I10: Hari Buruh Internasional
D11: Oktober | E11: 10 | G11: 46156 | H11: Kamis | I11: Kenaikan Yesus Kristus
D12: November | E12: 11 | G12: 46169 | H12: Rabu | I12: Idul Adha 1447 H
D13: Desember | E13: 12 | G13: 46173 | H13: Minggu | I13: Hari Raya Waisak
G14: 46174 | H14: Senin | I14: Hari Lahir Pancasila
G15: 46189 | H15: Selasa | I15: Tahun Baru Islan 1448 H
G16: 46251 | H16: Senin | I16: Hari Kemerdekaan Indonesia
G17: 46259 | H17: Selasa | I17: Maulid Nabi Muhammad SAW
G18: 46381 | H18: Jumat | I18: Kelahiran Yesus Kristus

Sheet Test
A1: REKAP KEHADIRAN
A5: No. | B5: Nomor Induk Karyawan | C5: Nama Karyawan | E5: CUTI FULL | Q5: CUTI SETENGAH HARI | AC5: SISA CUTI
E6: 01 | F6: 02 | G6: 03 | H6: 04 | I6: 05 | J6: 06 | K6: 07 | L6: 08 | M6: 09 | N6: 10 | O6: 11 | P6: 12 | Q6: 01 | R6: 02 | S6: 03 | T6: 04 | U6: 05 | V6: 06 | W6: 07 | X6: 08 | Y6: 09 | Z6: 10 | AA6: 11 | AB6: 12 | AC6: 01 | AD6: 02 | AE6: 03 | AF6: 04 | AG6: 05 | AH6: 06 | AI6: 07 | AJ6: 08 | AK6: 09 | AL6: 10 | AM6: 11 | AN6: 12
A7: 1 | B7: =Absensi!B5 -> Gudang A | C7: =Rekap!C7 -> Suci Rahmawati | D7: =B7&C7 -> Gudang ASuci Rahmawati | E7: =COUNTIFS(Absensi!$D5:$ND5,"C",Absensi!$D$2:$ND$2,E$6) -> 1 | F7: =COUNTIFS(Absensi!$D5:$ND5,"C",Absensi!$D$2:$ND$2,F$6) -> 1 | G7: =COUNTIFS(Absensi!$D5:$ND5,"C",Absensi!$D$2:$ND$2,G$6) -> 3 | H7: =COUNTIFS(Absensi!$D5:$ND5,"C",Absensi!$D$2:$ND$2,H$6) -> 0 | I7: =COUNTIFS(Absensi!$D5:$ND5,"C",Absensi!$D$2:$ND$2,I$6) -> 0 | J7: =COUNTIFS(Absensi!$D5:$ND5,"C",Absensi!$D$2:$ND$2,J$6) -> 1 | K7: =COUNTIFS(Absensi!$D5:$ND5,"C",Absensi!$D$2:$ND$2,K$6) -> 1 | L7: =COUNTIFS(Absensi!$D5:$ND5,"C",Absensi!$D$2:$ND$2,L$6) -> 1 | ... P7: =COUNTIFS(Absensi!$D5:$ND5,"C",Absensi!$D$2:$ND$2,P$6) -> 0 | Q7: =COUNTIFS(Absensi!$D5:$ND5,"CS",Absensi!$D$2:$ND$2,Q$6) -> 0 | R7: =COUNTIFS(Absensi!$D5:$ND5,"CS",Absensi!$D$2:$ND$2,R$6) -> 0 | S7: =COUNTIFS(Absensi!$D5:$ND5,"CS",Absensi!$D$2:$ND$2,S$6) -> 1 | T7: =COUNTIFS(Absensi!$D5:$ND5,"CS",Absensi!$D$2:$ND$2,T$6) -> 0 | U7: =COUNTIFS(Absensi!$D5:$ND5,"CS",Absensi!$D$2:$ND$2,U$6) -> 0 | V7: =COUNTIFS(Absensi!$D5:$ND5,"CS",Absensi!$D$2:$ND$2,V$6) -> 0 | W7: =COUNTIFS(Absensi!$D5:$ND5,"CS",Absensi!$D$2:$ND$2,W$6) -> 0 | X7: =COUNTIFS(Absensi!$D5:$ND5,"CS",Absensi!$D$2:$ND$2,X$6) -> 0 | ... AB7: =COUNTIFS(Absensi!$D5:$ND5,"CS",Absensi!$D$2:$ND$2,AB$6) -> 0 | AC7: =12-E7-Q7*0.5 -> 11 | AD7: =AC7-F7-R7*0.5 -> 10 | AE7: =AD7-G7-S7*0.5 -> 6.5 | AF7: =AE7-H7-T7*0.5 -> 6.5 | AG7: =AF7-I7-U7*0.5 -> 6.5 | AH7: =AG7-J7-V7*0.5 -> 5.5 | AI7: =AH7-K7-W7*0.5 -> 4.5 | AJ7: =AI7-L7-X7*0.5 -> 3.5 | AK7: =AJ7-M7-Y7*0.5 -> 2.5 | ... AN7: =AM7-P7-AB7*0.5 -> 2.5
A8: 2 | B8: =Absensi!B6 -> Gudang A | C8: =Rekap!C8 -> Nur Octaviani | D8: =B8&C8 -> Gudang ANur Octaviani | E8: =COUNTIFS(Absensi!$D6:$ND6,"C",Absensi!$D$2:$ND$2,E$6) -> 0 | F8: =COUNTIFS(Absensi!$D6:$ND6,"C",Absensi!$D$2:$ND$2,F$6) -> 0 | G8: =COUNTIFS(Absensi!$D6:$ND6,"C",Absensi!$D$2:$ND$2,G$6) -> 2 | H8: =COUNTIFS(Absensi!$D6:$ND6,"C",Absensi!$D$2:$ND$2,H$6) -> 0 | I8: =COUNTIFS(Absensi!$D6:$ND6,"C",Absensi!$D$2:$ND$2,I$6) -> 0 | J8: =COUNTIFS(Absensi!$D6:$ND6,"C",Absensi!$D$2:$ND$2,J$6) -> 0 | K8: =COUNTIFS(Absensi!$D6:$ND6,"C",Absensi!$D$2:$ND$2,K$6) -> 2 | L8: =COUNTIFS(Absensi!$D6:$ND6,"C",Absensi!$D$2:$ND$2,L$6) -> 0 | ... P8: =COUNTIFS(Absensi!$D6:$ND6,"C",Absensi!$D$2:$ND$2,P$6) -> 0 | Q8: =COUNTIFS(Absensi!$D6:$ND6,"CS",Absensi!$D$2:$ND$2,Q$6) -> 0 | R8: =COUNTIFS(Absensi!$D6:$ND6,"CS",Absensi!$D$2:$ND$2,R$6) -> 0 | S8: =COUNTIFS(Absensi!$D6:$ND6,"CS",Absensi!$D$2:$ND$2,S$6) -> 1 | T8: =COUNTIFS(Absensi!$D6:$ND6,"CS",Absensi!$D$2:$ND$2,T$6) -> 0 | U8: =COUNTIFS(Absensi!$D6:$ND6,"CS",Absensi!$D$2:$ND$2,U$6) -> 0 | V8: =COUNTIFS(Absensi!$D6:$ND6,"CS",Absensi!$D$2:$ND$2,V$6) -> 0 | W8: =COUNTIFS(Absensi!$D6:$ND6,"CS",Absensi!$D$2:$ND$2,W$6) -> 1 | X8: =COUNTIFS(Absensi!$D6:$ND6,"CS",Absensi!$D$2:$ND$2,X$6) -> 0 | ... AB8: =COUNTIFS(Absensi!$D6:$ND6,"CS",Absensi!$D$2:$ND$2,AB$6) -> 0 | AC8: =12-E8-Q8*0.5 -> 12 | AD8: =AC8-F8-R8*0.5 -> 12 | AE8: =AD8-G8-S8*0.5 -> 9.5 | AF8: =AE8-H8-T8*0.5 -> 9.5 | AG8: =AF8-I8-U8*0.5 -> 9.5 | AH8: =AG8-J8-V8*0.5 -> 9.5 | AI8: =AH8-K8-W8*0.5 -> 7 | AJ8: =AI8-L8-X8*0.5 -> 7 | AK8: =AJ8-M8-Y8*0.5 -> 6.5 | ... AN8: =AM8-P8-AB8*0.5 -> 6.5
A9: 3 | B9: =Absensi!B7 -> Gudang A | C9: =Rekap!C9 -> M. Farhan | D9: =B9&C9 -> Gudang AM. Farhan | E9: =COUNTIFS(Absensi!$D7:$ND7,"C",Absensi!$D$2:$ND$2,E$6) -> 1 | F9: =COUNTIFS(Absensi!$D7:$ND7,"C",Absensi!$D$2:$ND$2,F$6) -> 0 | G9: =COUNTIFS(Absensi!$D7:$ND7,"C",Absensi!$D$2:$ND$2,G$6) -> 3 | H9: =COUNTIFS(Absensi!$D7:$ND7,"C",Absensi!$D$2:$ND$2,H$6) -> 0 | I9: =COUNTIFS(Absensi!$D7:$ND7,"C",Absensi!$D$2:$ND$2,I$6) -> 0 | J9: =COUNTIFS(Absensi!$D7:$ND7,"C",Absensi!$D$2:$ND$2,J$6) -> 1 | K9: =COUNTIFS(Absensi!$D7:$ND7,"C",Absensi!$D$2:$ND$2,K$6) -> 0 | L9: =COUNTIFS(Absensi!$D7:$ND7,"C",Absensi!$D$2:$ND$2,L$6) -> 3 | ... P9: =COUNTIFS(Absensi!$D7:$ND7,"C",Absensi!$D$2:$ND$2,P$6) -> 0 | Q9: =COUNTIFS(Absensi!$D7:$ND7,"CS",Absensi!$D$2:$ND$2,Q$6) -> 0 | R9: =COUNTIFS(Absensi!$D7:$ND7,"CS",Absensi!$D$2:$ND$2,R$6) -> 0 | S9: =COUNTIFS(Absensi!$D7:$ND7,"CS",Absensi!$D$2:$ND$2,S$6) -> 0 | T9: =COUNTIFS(Absensi!$D7:$ND7,"CS",Absensi!$D$2:$ND$2,T$6) -> 0 | U9: =COUNTIFS(Absensi!$D7:$ND7,"CS",Absensi!$D$2:$ND$2,U$6) -> 0 | V9: =COUNTIFS(Absensi!$D7:$ND7,"CS",Absensi!$D$2:$ND$2,V$6) -> 0 | W9: =COUNTIFS(Absensi!$D7:$ND7,"CS",Absensi!$D$2:$ND$2,W$6) -> 0 | X9: =COUNTIFS(Absensi!$D7:$ND7,"CS",Absensi!$D$2:$ND$2,X$6) -> 0 | ... AB9: =COUNTIFS(Absensi!$D7:$ND7,"CS",Absensi!$D$2:$ND$2,AB$6) -> 0 | AC9: =12-E9-Q9*0.5 -> 11 | AD9: =AC9-F9-R9*0.5 -> 11 | AE9: =AD9-G9-S9*0.5 -> 8 | AF9: =AE9-H9-T9*0.5 -> 8 | AG9: =AF9-I9-U9*0.5 -> 8 | AH9: =AG9-J9-V9*0.5 -> 7 | AI9: =AH9-K9-W9*0.5 -> 7 | AJ9: =AI9-L9-X9*0.5 -> 4 | AK9: =AJ9-M9-Y9*0.5 -> 4 | ... AN9: =AM9-P9-AB9*0.5 -> 4
A10: 4 | B10: =Absensi!B8 -> Gudang A | C10: =Rekap!C10 -> Nadia | D10: =B10&C10 -> Gudang ANadia | E10: =COUNTIFS(Absensi!$D8:$ND8,"C",Absensi!$D$2:$ND$2,E$6) -> 0 | F10: =COUNTIFS(Absensi!$D8:$ND8,"C",Absensi!$D$2:$ND$2,F$6) -> 1 | G10: =COUNTIFS(Absensi!$D8:$ND8,"C",Absensi!$D$2:$ND$2,G$6) -> 5 | H10: =COUNTIFS(Absensi!$D8:$ND8,"C",Absensi!$D$2:$ND$2,H$6) -> 0 | I10: =COUNTIFS(Absensi!$D8:$ND8,"C",Absensi!$D$2:$ND$2,I$6) -> 1 | J10: =COUNTIFS(Absensi!$D8:$ND8,"C",Absensi!$D$2:$ND$2,J$6) -> 0 | K10: =COUNTIFS(Absensi!$D8:$ND8,"C",Absensi!$D$2:$ND$2,K$6) -> 1 | L10: =COUNTIFS(Absensi!$D8:$ND8,"C",Absensi!$D$2:$ND$2,L$6) -> 2 | ... P10: =COUNTIFS(Absensi!$D8:$ND8,"C",Absensi!$D$2:$ND$2,P$6) -> 0 | Q10: =COUNTIFS(Absensi!$D8:$ND8,"CS",Absensi!$D$2:$ND$2,Q$6) -> 0 | R10: =COUNTIFS(Absensi!$D8:$ND8,"CS",Absensi!$D$2:$ND$2,R$6) -> 0 | S10: =COUNTIFS(Absensi!$D8:$ND8,"CS",Absensi!$D$2:$ND$2,S$6) -> 1 | T10: =COUNTIFS(Absensi!$D8:$ND8,"CS",Absensi!$D$2:$ND$2,T$6) -> 0 | U10: =COUNTIFS(Absensi!$D8:$ND8,"CS",Absensi!$D$2:$ND$2,U$6) -> 0 | V10: =COUNTIFS(Absensi!$D8:$ND8,"CS",Absensi!$D$2:$ND$2,V$6) -> 0 | W10: =COUNTIFS(Absensi!$D8:$ND8,"CS",Absensi!$D$2:$ND$2,W$6) -> 0 | X10: =COUNTIFS(Absensi!$D8:$ND8,"CS",Absensi!$D$2:$ND$2,X$6) -> 0 | ... AB10: =COUNTIFS(Absensi!$D8:$ND8,"CS",Absensi!$D$2:$ND$2,AB$6) -> 0 | AC10: =12-E10-Q10*0.5 -> 12 | AD10: =AC10-F10-R10*0.5 -> 11 | AE10: =AD10-G10-S10*0.5 -> 5.5 | AF10: =AE10-H10-T10*0.5 -> 5.5 | AG10: =AF10-I10-U10*0.5 -> 4.5 | AH10: =AG10-J10-V10*0.5 -> 4.5 | AI10: =AH10-K10-W10*0.5 -> 3.5 | AJ10: =AI10-L10-X10*0.5 -> 1.5 | AK10: =AJ10-M10-Y10*0.5 -> 1.5 | ... AN10: =AM10-P10-AB10*0.5 -> 1.5
A11: 5 | B11: =Absensi!B9 -> Gudang A | C11: =Rekap!C11 -> Aan Turipno | D11: =B11&C11 -> Gudang AAan Turipno | E11: =COUNTIFS(Absensi!$D9:$ND9,"C",Absensi!$D$2:$ND$2,E$6) -> 0 | F11: =COUNTIFS(Absensi!$D9:$ND9,"C",Absensi!$D$2:$ND$2,F$6) -> 0 | G11: =COUNTIFS(Absensi!$D9:$ND9,"C",Absensi!$D$2:$ND$2,G$6) -> 3 | H11: =COUNTIFS(Absensi!$D9:$ND9,"C",Absensi!$D$2:$ND$2,H$6) -> 0 | I11: =COUNTIFS(Absensi!$D9:$ND9,"C",Absensi!$D$2:$ND$2,I$6) -> 0 | J11: =COUNTIFS(Absensi!$D9:$ND9,"C",Absensi!$D$2:$ND$2,J$6) -> 2 | K11: =COUNTIFS(Absensi!$D9:$ND9,"C",Absensi!$D$2:$ND$2,K$6) -> 0 | L11: =COUNTIFS(Absensi!$D9:$ND9,"C",Absensi!$D$2:$ND$2,L$6) -> 0 | ... P11: =COUNTIFS(Absensi!$D9:$ND9,"C",Absensi!$D$2:$ND$2,P$6) -> 0 | Q11: =COUNTIFS(Absensi!$D9:$ND9,"CS",Absensi!$D$2:$ND$2,Q$6) -> 1 | R11: =COUNTIFS(Absensi!$D9:$ND9,"CS",Absensi!$D$2:$ND$2,R$6) -> 0 | S11: =COUNTIFS(Absensi!$D9:$ND9,"CS",Absensi!$D$2:$ND$2,S$6) -> 0 | T11: =COUNTIFS(Absensi!$D9:$ND9,"CS",Absensi!$D$2:$ND$2,T$6) -> 0 | U11: =COUNTIFS(Absensi!$D9:$ND9,"CS",Absensi!$D$2:$ND$2,U$6) -> 0 | V11: =COUNTIFS(Absensi!$D9:$ND9,"CS",Absensi!$D$2:$ND$2,V$6) -> 0 | W11: =COUNTIFS(Absensi!$D9:$ND9,"CS",Absensi!$D$2:$ND$2,W$6) -> 0 | X11: =COUNTIFS(Absensi!$D9:$ND9,"CS",Absensi!$D$2:$ND$2,X$6) -> 0 | ... AB11: =COUNTIFS(Absensi!$D9:$ND9,"CS",Absensi!$D$2:$ND$2,AB$6) -> 0 | AC11: =12-E11-Q11*0.5 -> 11.5 | AD11: =AC11-F11-R11*0.5 -> 11.5 | AE11: =AD11-G11-S11*0.5 -> 8.5 | AF11: =AE11-H11-T11*0.5 -> 8.5 | AG11: =AF11-I11-U11*0.5 -> 8.5 | AH11: =AG11-J11-V11*0.5 -> 6.5 | AI11: =AH11-K11-W11*0.5 -> 6.5 | AJ11: =AI11-L11-X11*0.5 -> 6.5 | AK11: =AJ11-M11-Y11*0.5 -> 3.5 | ... AN11: =AM11-P11-AB11*0.5 -> 3.5
A12: 6 | B12: =Absensi!B10 -> Gudang A | C12: =Rekap!C12 -> dika | D12: =B12&C12 -> Gudang Adika | E12: =COUNTIFS(Absensi!$D10:$ND10,"C",Absensi!$D$2:$ND$2,E$6) -> 2 | F12: =COUNTIFS(Absensi!$D10:$ND10,"C",Absensi!$D$2:$ND$2,F$6) -> 0 | G12: =COUNTIFS(Absensi!$D10:$ND10,"C",Absensi!$D$2:$ND$2,G$6) -> 4 | H12: =COUNTIFS(Absensi!$D10:$ND10,"C",Absensi!$D$2:$ND$2,H$6) -> 2 | I12: =COUNTIFS(Absensi!$D10:$ND10,"C",Absensi!$D$2:$ND$2,I$6) -> 0 | J12: =COUNTIFS(Absensi!$D10:$ND10,"C",Absensi!$D$2:$ND$2,J$6) -> 1 | K12: =COUNTIFS(Absensi!$D10:$ND10,"C",Absensi!$D$2:$ND$2,K$6) -> 1 | L12: =COUNTIFS(Absensi!$D10:$ND10,"C",Absensi!$D$2:$ND$2,L$6) -> 0 | ... P12: =COUNTIFS(Absensi!$D10:$ND10,"C",Absensi!$D$2:$ND$2,P$6) -> 0 | Q12: =COUNTIFS(Absensi!$D10:$ND10,"CS",Absensi!$D$2:$ND$2,Q$6) -> 0 | R12: =COUNTIFS(Absensi!$D10:$ND10,"CS",Absensi!$D$2:$ND$2,R$6) -> 0 | S12: =COUNTIFS(Absensi!$D10:$ND10,"CS",Absensi!$D$2:$ND$2,S$6) -> 0 | T12: =COUNTIFS(Absensi!$D10:$ND10,"CS",Absensi!$D$2:$ND$2,T$6) -> 0 | U12: =COUNTIFS(Absensi!$D10:$ND10,"CS",Absensi!$D$2:$ND$2,U$6) -> 0 | V12: =COUNTIFS(Absensi!$D10:$ND10,"CS",Absensi!$D$2:$ND$2,V$6) -> 0 | W12: =COUNTIFS(Absensi!$D10:$ND10,"CS",Absensi!$D$2:$ND$2,W$6) -> 0 | X12: =COUNTIFS(Absensi!$D10:$ND10,"CS",Absensi!$D$2:$ND$2,X$6) -> 0 | ... AB12: =COUNTIFS(Absensi!$D10:$ND10,"CS",Absensi!$D$2:$ND$2,AB$6) -> 0 | AC12: =12-E12-Q12*0.5 -> 10 | AD12: =AC12-F12-R12*0.5 -> 10 | AE12: =AD12-G12-S12*0.5 -> 6 | AF12: =AE12-H12-T12*0.5 -> 4 | AG12: =AF12-I12-U12*0.5 -> 4 | AH12: =AG12-J12-V12*0.5 -> 3 | AI12: =AH12-K12-W12*0.5 -> 2 | AJ12: =AI12-L12-X12*0.5 -> 2 | AK12: =AJ12-M12-Y12*0.5 -> 2 | ... AN12: =AM12-P12-AB12*0.5 -> 2
A13: 7 | B13: =Absensi!B11 -> Gudang A | C13: =Rekap!C13 -> Mella Hariyati | D13: =B13&C13 -> Gudang AMella Hariyati | E13: =COUNTIFS(Absensi!$D11:$ND11,"C",Absensi!$D$2:$ND$2,E$6) -> 0 | F13: =COUNTIFS(Absensi!$D11:$ND11,"C",Absensi!$D$2:$ND$2,F$6) -> 0 | G13: =COUNTIFS(Absensi!$D11:$ND11,"C",Absensi!$D$2:$ND$2,G$6) -> 2 | H13: =COUNTIFS(Absensi!$D11:$ND11,"C",Absensi!$D$2:$ND$2,H$6) -> 0 | I13: =COUNTIFS(Absensi!$D11:$ND11,"C",Absensi!$D$2:$ND$2,I$6) -> 0 | J13: =COUNTIFS(Absensi!$D11:$ND11,"C",Absensi!$D$2:$ND$2,J$6) -> 0 | K13: =COUNTIFS(Absensi!$D11:$ND11,"C",Absensi!$D$2:$ND$2,K$6) -> 1 | L13: =COUNTIFS(Absensi!$D11:$ND11,"C",Absensi!$D$2:$ND$2,L$6) -> 0 | ... P13: =COUNTIFS(Absensi!$D11:$ND11,"C",Absensi!$D$2:$ND$2,P$6) -> 0 | Q13: =COUNTIFS(Absensi!$D11:$ND11,"CS",Absensi!$D$2:$ND$2,Q$6) -> 0 | R13: =COUNTIFS(Absensi!$D11:$ND11,"CS",Absensi!$D$2:$ND$2,R$6) -> 0 | S13: =COUNTIFS(Absensi!$D11:$ND11,"CS",Absensi!$D$2:$ND$2,S$6) -> 1 | T13: =COUNTIFS(Absensi!$D11:$ND11,"CS",Absensi!$D$2:$ND$2,T$6) -> 0 | U13: =COUNTIFS(Absensi!$D11:$ND11,"CS",Absensi!$D$2:$ND$2,U$6) -> 1 | V13: =COUNTIFS(Absensi!$D11:$ND11,"CS",Absensi!$D$2:$ND$2,V$6) -> 0 | W13: =COUNTIFS(Absensi!$D11:$ND11,"CS",Absensi!$D$2:$ND$2,W$6) -> 0 | X13: =COUNTIFS(Absensi!$D11:$ND11,"CS",Absensi!$D$2:$ND$2,X$6) -> 0 | ... AB13: =COUNTIFS(Absensi!$D11:$ND11,"CS",Absensi!$D$2:$ND$2,AB$6) -> 0 | AC13: =12-E13-Q13*0.5 -> 12 | AD13: =AC13-F13-R13*0.5 -> 12 | AE13: =AD13-G13-S13*0.5 -> 9.5 | AF13: =AE13-H13-T13*0.5 -> 9.5 | AG13: =AF13-I13-U13*0.5 -> 9 | AH13: =AG13-J13-V13*0.5 -> 9 | AI13: =AH13-K13-W13*0.5 -> 8 | AJ13: =AI13-L13-X13*0.5 -> 8 | AK13: =AJ13-M13-Y13*0.5 -> 8 | ... AN13: =AM13-P13-AB13*0.5 -> 8
A14: 8 | B14: =Absensi!B12 -> Gudang A | C14: =Rekap!C14 -> Egi Permana | D14: =B14&C14 -> Gudang AEgi Permana | E14: =COUNTIFS(Absensi!$D12:$ND12,"C",Absensi!$D$2:$ND$2,E$6) -> 0 | F14: =COUNTIFS(Absensi!$D12:$ND12,"C",Absensi!$D$2:$ND$2,F$6) -> 1 | G14: =COUNTIFS(Absensi!$D12:$ND12,"C",Absensi!$D$2:$ND$2,G$6) -> 3 | H14: =COUNTIFS(Absensi!$D12:$ND12,"C",Absensi!$D$2:$ND$2,H$6) -> 1 | I14: =COUNTIFS(Absensi!$D12:$ND12,"C",Absensi!$D$2:$ND$2,I$6) -> 2 | J14: =COUNTIFS(Absensi!$D12:$ND12,"C",Absensi!$D$2:$ND$2,J$6) -> 1 | K14: =COUNTIFS(Absensi!$D12:$ND12,"C",Absensi!$D$2:$ND$2,K$6) -> 3 | L14: =COUNTIFS(Absensi!$D12:$ND12,"C",Absensi!$D$2:$ND$2,L$6) -> 0 | ... P14: =COUNTIFS(Absensi!$D12:$ND12,"C",Absensi!$D$2:$ND$2,P$6) -> 0 | Q14: =COUNTIFS(Absensi!$D12:$ND12,"CS",Absensi!$D$2:$ND$2,Q$6) -> 0 | R14: =COUNTIFS(Absensi!$D12:$ND12,"CS",Absensi!$D$2:$ND$2,R$6) -> 0 | S14: =COUNTIFS(Absensi!$D12:$ND12,"CS",Absensi!$D$2:$ND$2,S$6) -> 0 | T14: =COUNTIFS(Absensi!$D12:$ND12,"CS",Absensi!$D$2:$ND$2,T$6) -> 0 | U14: =COUNTIFS(Absensi!$D12:$ND12,"CS",Absensi!$D$2:$ND$2,U$6) -> 0 | V14: =COUNTIFS(Absensi!$D12:$ND12,"CS",Absensi!$D$2:$ND$2,V$6) -> 0 | W14: =COUNTIFS(Absensi!$D12:$ND12,"CS",Absensi!$D$2:$ND$2,W$6) -> 0 | X14: =COUNTIFS(Absensi!$D12:$ND12,"CS",Absensi!$D$2:$ND$2,X$6) -> 0 | ... AB14: =COUNTIFS(Absensi!$D12:$ND12,"CS",Absensi!$D$2:$ND$2,AB$6) -> 0 | AC14: =12-E14-Q14*0.5 -> 12 | AD14: =AC14-F14-R14*0.5 -> 11 | AE14: =AD14-G14-S14*0.5 -> 8 | AF14: =AE14-H14-T14*0.5 -> 7 | AG14: =AF14-I14-U14*0.5 -> 5 | AH14: =AG14-J14-V14*0.5 -> 4 | AI14: =AH14-K14-W14*0.5 -> 1 | AJ14: =AI14-L14-X14*0.5 -> 1 | AK14: =AJ14-M14-Y14*0.5 -> -2 | ... AN14: =AM14-P14-AB14*0.5 -> -2
A15: 9 | B15: =Absensi!B13 -> Gudang A | C15: =Rekap!C15 -> Dede Irawan | D15: =B15&C15 -> Gudang ADede Irawan | E15: =COUNTIFS(Absensi!$D13:$ND13,"C",Absensi!$D$2:$ND$2,E$6) -> 2 | F15: =COUNTIFS(Absensi!$D13:$ND13,"C",Absensi!$D$2:$ND$2,F$6) -> 2 | G15: =COUNTIFS(Absensi!$D13:$ND13,"C",Absensi!$D$2:$ND$2,G$6) -> 3 | H15: =COUNTIFS(Absensi!$D13:$ND13,"C",Absensi!$D$2:$ND$2,H$6) -> 0 | I15: =COUNTIFS(Absensi!$D13:$ND13,"C",Absensi!$D$2:$ND$2,I$6) -> 1 | J15: =COUNTIFS(Absensi!$D13:$ND13,"C",Absensi!$D$2:$ND$2,J$6) -> 0 | K15: =COUNTIFS(Absensi!$D13:$ND13,"C",Absensi!$D$2:$ND$2,K$6) -> 0 | L15: =COUNTIFS(Absensi!$D13:$ND13,"C",Absensi!$D$2:$ND$2,L$6) -> 0 | ... P15: =COUNTIFS(Absensi!$D13:$ND13,"C",Absensi!$D$2:$ND$2,P$6) -> 0 | Q15: =COUNTIFS(Absensi!$D13:$ND13,"CS",Absensi!$D$2:$ND$2,Q$6) -> 0 | R15: =COUNTIFS(Absensi!$D13:$ND13,"CS",Absensi!$D$2:$ND$2,R$6) -> 0 | S15: =COUNTIFS(Absensi!$D13:$ND13,"CS",Absensi!$D$2:$ND$2,S$6) -> 0 | T15: =COUNTIFS(Absensi!$D13:$ND13,"CS",Absensi!$D$2:$ND$2,T$6) -> 0 | U15: =COUNTIFS(Absensi!$D13:$ND13,"CS",Absensi!$D$2:$ND$2,U$6) -> 0 | V15: =COUNTIFS(Absensi!$D13:$ND13,"CS",Absensi!$D$2:$ND$2,V$6) -> 0 | W15: =COUNTIFS(Absensi!$D13:$ND13,"CS",Absensi!$D$2:$ND$2,W$6) -> 0 | X15: =COUNTIFS(Absensi!$D13:$ND13,"CS",Absensi!$D$2:$ND$2,X$6) -> 0 | ... AB15: =COUNTIFS(Absensi!$D13:$ND13,"CS",Absensi!$D$2:$ND$2,AB$6) -> 0 | AC15: =12-E15-Q15*0.5 -> 10 | AD15: =AC15-F15-R15*0.5 -> 8 | AE15: =AD15-G15-S15*0.5 -> 5 | AF15: =AE15-H15-T15*0.5 -> 5 | AG15: =AF15-I15-U15*0.5 -> 4 | AH15: =AG15-J15-V15*0.5 -> 4 | AI15: =AH15-K15-W15*0.5 -> 4 | AJ15: =AI15-L15-X15*0.5 -> 4 | AK15: =AJ15-M15-Y15*0.5 -> 3 | ... AN15: =AM15-P15-AB15*0.5 -> 3
A16: 10 | B16: =Absensi!B14 -> Gudang A | C16: =Rekap!C16 -> eri mutaqin | D16: =B16&C16 -> Gudang Aeri mutaqin | E16: =COUNTIFS(Absensi!$D14:$ND14,"C",Absensi!$D$2:$ND$2,E$6) -> 0 | F16: =COUNTIFS(Absensi!$D14:$ND14,"C",Absensi!$D$2:$ND$2,F$6) -> 0 | G16: =COUNTIFS(Absensi!$D14:$ND14,"C",Absensi!$D$2:$ND$2,G$6) -> 3 | H16: =COUNTIFS(Absensi!$D14:$ND14,"C",Absensi!$D$2:$ND$2,H$6) -> 0 | I16: =COUNTIFS(Absensi!$D14:$ND14,"C",Absensi!$D$2:$ND$2,I$6) -> 1 | J16: =COUNTIFS(Absensi!$D14:$ND14,"C",Absensi!$D$2:$ND$2,J$6) -> 0 | K16: =COUNTIFS(Absensi!$D14:$ND14,"C",Absensi!$D$2:$ND$2,K$6) -> 0 | L16: =COUNTIFS(Absensi!$D14:$ND14,"C",Absensi!$D$2:$ND$2,L$6) -> 1 | ... P16: =COUNTIFS(Absensi!$D14:$ND14,"C",Absensi!$D$2:$ND$2,P$6) -> 0 | Q16: =COUNTIFS(Absensi!$D14:$ND14,"CS",Absensi!$D$2:$ND$2,Q$6) -> 0 | R16: =COUNTIFS(Absensi!$D14:$ND14,"CS",Absensi!$D$2:$ND$2,R$6) -> 0 | S16: =COUNTIFS(Absensi!$D14:$ND14,"CS",Absensi!$D$2:$ND$2,S$6) -> 0 | T16: =COUNTIFS(Absensi!$D14:$ND14,"CS",Absensi!$D$2:$ND$2,T$6) -> 0 | U16: =COUNTIFS(Absensi!$D14:$ND14,"CS",Absensi!$D$2:$ND$2,U$6) -> 0 | V16: =COUNTIFS(Absensi!$D14:$ND14,"CS",Absensi!$D$2:$ND$2,V$6) -> 0 | W16: =COUNTIFS(Absensi!$D14:$ND14,"CS",Absensi!$D$2:$ND$2,W$6) -> 0 | X16: =COUNTIFS(Absensi!$D14:$ND14,"CS",Absensi!$D$2:$ND$2,X$6) -> 0 | ... AB16: =COUNTIFS(Absensi!$D14:$ND14,"CS",Absensi!$D$2:$ND$2,AB$6) -> 0 | AC16: =12-E16-Q16*0.5 -> 12 | AD16: =AC16-F16-R16*0.5 -> 12 | AE16: =AD16-G16-S16*0.5 -> 9 | AF16: =AE16-H16-T16*0.5 -> 9 | AG16: =AF16-I16-U16*0.5 -> 8 | AH16: =AG16-J16-V16*0.5 -> 8 | AI16: =AH16-K16-W16*0.5 -> 8 | AJ16: =AI16-L16-X16*0.5 -> 7 | AK16: =AJ16-M16-Y16*0.5 -> 5 | ... AN16: =AM16-P16-AB16*0.5 -> 5
A17: 11 | B17: =Absensi!B15 -> Gudang A | C17: =Rekap!C17 -> Fiqri Amirulloh Maulidan | D17: =B17&C17 -> Gudang AFiqri Amirulloh Maulidan | E17: =COUNTIFS(Absensi!$D15:$ND15,"C",Absensi!$D$2:$ND$2,E$6) -> 0 | F17: =COUNTIFS(Absensi!$D15:$ND15,"C",Absensi!$D$2:$ND$2,F$6) -> 0 | G17: =COUNTIFS(Absensi!$D15:$ND15,"C",Absensi!$D$2:$ND$2,G$6) -> 3 | H17: =COUNTIFS(Absensi!$D15:$ND15,"C",Absensi!$D$2:$ND$2,H$6) -> 0 | I17: =COUNTIFS(Absensi!$D15:$ND15,"C",Absensi!$D$2:$ND$2,I$6) -> 0 | J17: =COUNTIFS(Absensi!$D15:$ND15,"C",Absensi!$D$2:$ND$2,J$6) -> 0 | K17: =COUNTIFS(Absensi!$D15:$ND15,"C",Absensi!$D$2:$ND$2,K$6) -> 0 | L17: =COUNTIFS(Absensi!$D15:$ND15,"C",Absensi!$D$2:$ND$2,L$6) -> 0 | ... P17: =COUNTIFS(Absensi!$D15:$ND15,"C",Absensi!$D$2:$ND$2,P$6) -> 0 | Q17: =COUNTIFS(Absensi!$D15:$ND15,"CS",Absensi!$D$2:$ND$2,Q$6) -> 0 | R17: =COUNTIFS(Absensi!$D15:$ND15,"CS",Absensi!$D$2:$ND$2,R$6) -> 0 | S17: =COUNTIFS(Absensi!$D15:$ND15,"CS",Absensi!$D$2:$ND$2,S$6) -> 0 | T17: =COUNTIFS(Absensi!$D15:$ND15,"CS",Absensi!$D$2:$ND$2,T$6) -> 0 | U17: =COUNTIFS(Absensi!$D15:$ND15,"CS",Absensi!$D$2:$ND$2,U$6) -> 0 | V17: =COUNTIFS(Absensi!$D15:$ND15,"CS",Absensi!$D$2:$ND$2,V$6) -> 0 | W17: =COUNTIFS(Absensi!$D15:$ND15,"CS",Absensi!$D$2:$ND$2,W$6) -> 0 | X17: =COUNTIFS(Absensi!$D15:$ND15,"CS",Absensi!$D$2:$ND$2,X$6) -> 0 | ... AB17: =COUNTIFS(Absensi!$D15:$ND15,"CS",Absensi!$D$2:$ND$2,AB$6) -> 0 | AC17: =12-E17-Q17*0.5 -> 12 | AD17: =AC17-F17-R17*0.5 -> 12 | AE17: =AD17-G17-S17*0.5 -> 9 | AF17: =AE17-H17-T17*0.5 -> 9 | AG17: =AF17-I17-U17*0.5 -> 9 | AH17: =AG17-J17-V17*0.5 -> 9 | AI17: =AH17-K17-W17*0.5 -> 9 | AJ17: =AI17-L17-X17*0.5 -> 9 | AK17: =AJ17-M17-Y17*0.5 -> 9 | ... AN17: =AM17-P17-AB17*0.5 -> 9
A18: 12 | B18: =Absensi!B16 -> Gudang A | C18: =Rekap!C18 -> Jihan | D18: =B18&C18 -> Gudang AJihan | E18: =COUNTIFS(Absensi!$D16:$ND16,"C",Absensi!$D$2:$ND$2,E$6) -> 0 | F18: =COUNTIFS(Absensi!$D16:$ND16,"C",Absensi!$D$2:$ND$2,F$6) -> 0 | G18: =COUNTIFS(Absensi!$D16:$ND16,"C",Absensi!$D$2:$ND$2,G$6) -> 2 | H18: =COUNTIFS(Absensi!$D16:$ND16,"C",Absensi!$D$2:$ND$2,H$6) -> 0 | I18: =COUNTIFS(Absensi!$D16:$ND16,"C",Absensi!$D$2:$ND$2,I$6) -> 0 | J18: =COUNTIFS(Absensi!$D16:$ND16,"C",Absensi!$D$2:$ND$2,J$6) -> 0 | K18: =COUNTIFS(Absensi!$D16:$ND16,"C",Absensi!$D$2:$ND$2,K$6) -> 0 | L18: =COUNTIFS(Absensi!$D16:$ND16,"C",Absensi!$D$2:$ND$2,L$6) -> 0 | ... P18: =COUNTIFS(Absensi!$D16:$ND16,"C",Absensi!$D$2:$ND$2,P$6) -> 0 | Q18: =COUNTIFS(Absensi!$D16:$ND16,"CS",Absensi!$D$2:$ND$2,Q$6) -> 0 | R18: =COUNTIFS(Absensi!$D16:$ND16,"CS",Absensi!$D$2:$ND$2,R$6) -> 0 | S18: =COUNTIFS(Absensi!$D16:$ND16,"CS",Absensi!$D$2:$ND$2,S$6) -> 1 | T18: =COUNTIFS(Absensi!$D16:$ND16,"CS",Absensi!$D$2:$ND$2,T$6) -> 0 | U18: =COUNTIFS(Absensi!$D16:$ND16,"CS",Absensi!$D$2:$ND$2,U$6) -> 0 | V18: =COUNTIFS(Absensi!$D16:$ND16,"CS",Absensi!$D$2:$ND$2,V$6) -> 0 | W18: =COUNTIFS(Absensi!$D16:$ND16,"CS",Absensi!$D$2:$ND$2,W$6) -> 0 | X18: =COUNTIFS(Absensi!$D16:$ND16,"CS",Absensi!$D$2:$ND$2,X$6) -> 0 | ... AB18: =COUNTIFS(Absensi!$D16:$ND16,"CS",Absensi!$D$2:$ND$2,AB$6) -> 0 | AC18: =12-E18-Q18*0.5 -> 12 | AD18: =AC18-F18-R18*0.5 -> 12 | AE18: =AD18-G18-S18*0.5 -> 9.5 | AF18: =AE18-H18-T18*0.5 -> 9.5 | AG18: =AF18-I18-U18*0.5 -> 9.5 | AH18: =AG18-J18-V18*0.5 -> 9.5 | AI18: =AH18-K18-W18*0.5 -> 9.5 | AJ18: =AI18-L18-X18*0.5 -> 9.5 | AK18: =AJ18-M18-Y18*0.5 -> 9.5 | ... AN18: =AM18-P18-AB18*0.5 -> 9.5
... A148: 142 | B148: =Absensi!B146 -> Bandung | C148: =Rekap!C148 -> Rahman Zaenal | D148: =B148&C148 -> BandungRahman Zaenal | E148: =COUNTIFS(Absensi!$D146:$ND146,"C",Absensi!$D$2:$ND$2,E$6) -> 0 | F148: =COUNTIFS(Absensi!$D146:$ND146,"C",Absensi!$D$2:$ND$2,F$6) -> 0 | G148: =COUNTIFS(Absensi!$D146:$ND146,"C",Absensi!$D$2:$ND$2,G$6) -> 3 | H148: =COUNTIFS(Absensi!$D146:$ND146,"C",Absensi!$D$2:$ND$2,H$6) -> 0 | I148: =COUNTIFS(Absensi!$D146:$ND146,"C",Absensi!$D$2:$ND$2,I$6) -> 0 | J148: =COUNTIFS(Absensi!$D146:$ND146,"C",Absensi!$D$2:$ND$2,J$6) -> 2 | K148: =COUNTIFS(Absensi!$D146:$ND146,"C",Absensi!$D$2:$ND$2,K$6) -> 0 | L148: =COUNTIFS(Absensi!$D146:$ND146,"C",Absensi!$D$2:$ND$2,L$6) -> 0 | ... P148: =COUNTIFS(Absensi!$D146:$ND146,"C",Absensi!$D$2:$ND$2,P$6) -> 0 | Q148: =COUNTIFS(Absensi!$D146:$ND146,"CS",Absensi!$D$2:$ND$2,Q$6) -> 0 | R148: =COUNTIFS(Absensi!$D146:$ND146,"CS",Absensi!$D$2:$ND$2,R$6) -> 0 | S148: =COUNTIFS(Absensi!$D146:$ND146,"CS",Absensi!$D$2:$ND$2,S$6) -> 0 | T148: =COUNTIFS(Absensi!$D146:$ND146,"CS",Absensi!$D$2:$ND$2,T$6) -> 0 | U148: =COUNTIFS(Absensi!$D146:$ND146,"CS",Absensi!$D$2:$ND$2,U$6) -> 0 | V148: =COUNTIFS(Absensi!$D146:$ND146,"CS",Absensi!$D$2:$ND$2,V$6) -> 0 | W148: =COUNTIFS(Absensi!$D146:$ND146,"CS",Absensi!$D$2:$ND$2,W$6) -> 0 | X148: =COUNTIFS(Absensi!$D146:$ND146,"CS",Absensi!$D$2:$ND$2,X$6) -> 0 | ... AB148: =COUNTIFS(Absensi!$D146:$ND146,"CS",Absensi!$D$2:$ND$2,AB$6) -> 0 | AC148: =12-E148-Q148*0.5 -> 12 | AD148: =AC148-F148-R148*0.5 -> 12 | AE148: =AD148-G148-S148*0.5 -> 9 | AF148: =AE148-H148-T148*0.5 -> 9 | AG148: =AF148-I148-U148*0.5 -> 9 | AH148: =AG148-J148-V148*0.5 -> 7 | AI148: =AH148-K148-W148*0.5 -> 7 | AJ148: =AI148-L148-X148*0.5 -> 7 | AK148: =AJ148-M148-Y148*0.5 -> 7 | ... AN148: =AM148-P148-AB148*0.5 -> 7
A149: 143 | B149: Set Up | C149: =Rekap!C149 -> Iwa Kartiwa | D149: =B149&C149 -> Set UpIwa Kartiwa | E149: =COUNTIFS(Absensi!$D147:$ND147,"C",Absensi!$D$2:$ND$2,E$6) -> 0 | F149: =COUNTIFS(Absensi!$D147:$ND147,"C",Absensi!$D$2:$ND$2,F$6) -> 0 | G149: =COUNTIFS(Absensi!$D147:$ND147,"C",Absensi!$D$2:$ND$2,G$6) -> 3 | H149: =COUNTIFS(Absensi!$D147:$ND147,"C",Absensi!$D$2:$ND$2,H$6) -> 0 | I149: =COUNTIFS(Absensi!$D147:$ND147,"C",Absensi!$D$2:$ND$2,I$6) -> 0 | J149: =COUNTIFS(Absensi!$D147:$ND147,"C",Absensi!$D$2:$ND$2,J$6) -> 0 | K149: =COUNTIFS(Absensi!$D147:$ND147,"C",Absensi!$D$2:$ND$2,K$6) -> 2 | L149: =COUNTIFS(Absensi!$D147:$ND147,"C",Absensi!$D$2:$ND$2,L$6) -> 0 | ... P149: =COUNTIFS(Absensi!$D147:$ND147,"C",Absensi!$D$2:$ND$2,P$6) -> 0 | Q149: =COUNTIFS(Absensi!$D147:$ND147,"CS",Absensi!$D$2:$ND$2,Q$6) -> 0 | R149: =COUNTIFS(Absensi!$D147:$ND147,"CS",Absensi!$D$2:$ND$2,R$6) -> 0 | S149: =COUNTIFS(Absensi!$D147:$ND147,"CS",Absensi!$D$2:$ND$2,S$6) -> 0 | T149: =COUNTIFS(Absensi!$D147:$ND147,"CS",Absensi!$D$2:$ND$2,T$6) -> 0 | U149: =COUNTIFS(Absensi!$D147:$ND147,"CS",Absensi!$D$2:$ND$2,U$6) -> 0 | V149: =COUNTIFS(Absensi!$D147:$ND147,"CS",Absensi!$D$2:$ND$2,V$6) -> 0 | W149: =COUNTIFS(Absensi!$D147:$ND147,"CS",Absensi!$D$2:$ND$2,W$6) -> 0 | X149: =COUNTIFS(Absensi!$D147:$ND147,"CS",Absensi!$D$2:$ND$2,X$6) -> 0 | ... AB149: =COUNTIFS(Absensi!$D147:$ND147,"CS",Absensi!$D$2:$ND$2,AB$6) -> 0 | AC149: =12-E149-Q149*0.5 -> 12 | AD149: =AC149-F149-R149*0.5 -> 12 | AE149: =AD149-G149-S149*0.5 -> 9 | AF149: =AE149-H149-T149*0.5 -> 9 | AG149: =AF149-I149-U149*0.5 -> 9 | AH149: =AG149-J149-V149*0.5 -> 9 | AI149: =AH149-K149-W149*0.5 -> 7 | AJ149: =AI149-L149-X149*0.5 -> 7 | AK149: =AJ149-M149-Y149*0.5 -> 7 | ... AN149: =AM149-P149-AB149*0.5 -> 7
A150: 143 | B150: Set Up | C150: =Rekap!C150 -> Ibnu Gilang Sasongko | D150: =B150&C150 -> Set UpIbnu Gilang Sasongko | E150: =COUNTIFS(Absensi!$D148:$ND148,"C",Absensi!$D$2:$ND$2,E$6) -> 0 | F150: =COUNTIFS(Absensi!$D148:$ND148,"C",Absensi!$D$2:$ND$2,F$6) -> 0 | G150: =COUNTIFS(Absensi!$D148:$ND148,"C",Absensi!$D$2:$ND$2,G$6) -> 0 | H150: =COUNTIFS(Absensi!$D148:$ND148,"C",Absensi!$D$2:$ND$2,H$6) -> 0 | I150: =COUNTIFS(Absensi!$D148:$ND148,"C",Absensi!$D$2:$ND$2,I$6) -> 0 | J150: =COUNTIFS(Absensi!$D148:$ND148,"C",Absensi!$D$2:$ND$2,J$6) -> 0 | K150: =COUNTIFS(Absensi!$D148:$ND148,"C",Absensi!$D$2:$ND$2,K$6) -> 0 | L150: =COUNTIFS(Absensi!$D148:$ND148,"C",Absensi!$D$2:$ND$2,L$6) -> 0 | ... P150: =COUNTIFS(Absensi!$D148:$ND148,"C",Absensi!$D$2:$ND$2,P$6) -> 0 | Q150: =COUNTIFS(Absensi!$D148:$ND148,"CS",Absensi!$D$2:$ND$2,Q$6) -> 0 | R150: =COUNTIFS(Absensi!$D148:$ND148,"CS",Absensi!$D$2:$ND$2,R$6) -> 0 | S150: =COUNTIFS(Absensi!$D148:$ND148,"CS",Absensi!$D$2:$ND$2,S$6) -> 0 | T150: =COUNTIFS(Absensi!$D148:$ND148,"CS",Absensi!$D$2:$ND$2,T$6) -> 0 | U150: =COUNTIFS(Absensi!$D148:$ND148,"CS",Absensi!$D$2:$ND$2,U$6) -> 0 | V150: =COUNTIFS(Absensi!$D148:$ND148,"CS",Absensi!$D$2:$ND$2,V$6) -> 0 | W150: =COUNTIFS(Absensi!$D148:$ND148,"CS",Absensi!$D$2:$ND$2,W$6) -> 0 | X150: =COUNTIFS(Absensi!$D148:$ND148,"CS",Absensi!$D$2:$ND$2,X$6) -> 0 | ... AB150: =COUNTIFS(Absensi!$D148:$ND148,"CS",Absensi!$D$2:$ND$2,AB$6) -> 0 | AC150: =12-E150-Q150*0.5 -> 12 | AD150: =AC150-F150-R150*0.5 -> 12 | AE150: =AD150-G150-S150*0.5 -> 12 | AF150: =AE150-H150-T150*0.5 -> 12 | AG150: =AF150-I150-U150*0.5 -> 12 | AH150: =AG150-J150-V150*0.5 -> 12 | AI150: =AH150-K150-W150*0.5 -> 12 | AJ150: =AI150-L150-X150*0.5 -> 12 | AK150: =AJ150-M150-Y150*0.5 -> 12 | ... AN150: =AM150-P150-AB150*0.5 -> 12
A165: batas | Q165: =COUNTIFS(Absensi!$D149:$ND149,"CS",Absensi!$D$2:$ND$2,Q$6) -> 0 | R165: =COUNTIFS(Absensi!$D149:$ND149,"CS",Absensi!$D$2:$ND$2,R$6) -> 0 | S165: =COUNTIFS(Absensi!$D149:$ND149,"CS",Absensi!$D$2:$ND$2,S$6) -> 0 | T165: =COUNTIFS(Absensi!$D149:$ND149,"CS",Absensi!$D$2:$ND$2,T$6) -> 0 | U165: =COUNTIFS(Absensi!$D149:$ND149,"CS",Absensi!$D$2:$ND$2,U$6) -> 0 | V165: =COUNTIFS(Absensi!$D149:$ND149,"CS",Absensi!$D$2:$ND$2,V$6) -> 0 | W165: =COUNTIFS(Absensi!$D149:$ND149,"CS",Absensi!$D$2:$ND$2,W$6) -> 0 | X165: =COUNTIFS(Absensi!$D149:$ND149,"CS",Absensi!$D$2:$ND$2,X$6) -> 0 | ... AB165: =COUNTIFS(Absensi!$D149:$ND149,"CS",Absensi!$D$2:$ND$2,AB$6) -> 0 | AC165: =12-E165-Q165*0.5 -> 12 | AD165: =AC165-F165-R165*0.5 -> 12 | AE165: =AD165-G165-S165*0.5 -> 12 | AF165: =AE165-H165-T165*0.5 -> 12 | AG165: =AF165-I165-U165*0.5 -> 12 | AH165: =AG165-J165-V165*0.5 -> 12 | AI165: =AH165-K165-W165*0.5 -> 12 | AJ165: =AI165-L165-X165*0.5 -> 12 | AK165: =AJ165-M165-Y165*0.5 -> 12 | ... AN165: =AM165-P165-AB165*0.5 -> 12
